﻿<?xml version="1.0" encoding="utf-8"?>
<manifest identifier="_6dePON2canj_course_id" version="1.0" xmlns="http://www.imsproject.org/xsd/imscp_rootv1p1p2" xmlns:adlcp="http://www.adlnet.org/xsd/adlcp_rootv1p2" xmlns:xsi="http://www.w3.org/2001/XMLSchema-instance" xsi:schemaLocation="http://www.imsproject.org/xsd/imscp_rootv1p1p2 imscp_rootv1p1p2.xsd http://www.imsglobal.org/xsd/imsmd_rootv1p2p1 imsmd_rootv1p2p1.xsd http://www.adlnet.org/xsd/adlcp_rootv1p2 adlcp_rootv1p2.xsd">
  <metadata>
    <schema>ADL SCORM</schema>
    <schemaversion>1.2</schemaversion>
    <lom xmlns="http://www.imsglobal.org/xsd/imsmd_rootv1p2p1" xmlns:xsi="http://www.w3.org/2001/XMLSchema-instance" xsi:schemaLocation="http://www.imsglobal.org/xsd/imsmd_rootv1p2p1 imsmd_rootv1p2p1.xsd">
      <general>
        <title>
          <langstring xml:lang="x-none">BET Testing and Validation</langstring>
        </title>
      </general>
      <lifecycle>
        <version>
          <langstring xml:lang="x-none">1</langstring>
        </version>
        <status>
          <source>
            <langstring xml:lang="x-none">LOMv1.0</langstring>
          </source>
          <value>
            <langstring xml:lang="x-none">Final</langstring>
          </value>
        </status>
      </lifecycle>
      <metametadata>
        <metadatascheme>ADL SCORM 1.2</metadatascheme>
      </metametadata>
      <educational>
        <typicallearningtime>
          <datetime>PT0H0M0S</datetime>
        </typicallearningtime>
      </educational>
      <rights>
        <cost>
          <source>
            <langstring xml:lang="x-none">LOMv1.0</langstring>
          </source>
          <value>
            <langstring xml:lang="x-none">yes</langstring>
          </value>
        </cost>
        <copyrightandotherrestrictions>
          <source>
            <langstring xml:lang="x-none">LOMv1.0</langstring>
          </source>
          <value>
            <langstring xml:lang="x-none">yes</langstring>
          </value>
        </copyrightandotherrestrictions>
      </rights>
    </lom>
  </metadata>
  <organizations default="BET_Testing_and_Validation_ORG">
    <organization identifier="BET_Testing_and_Validation_ORG">
      <title>BET Testing and Validation</title>
      <item identifier="template02quiz-light_SCO" isvisible="true" identifierref="__6dePON2canj_course_id_RES">
        <title>BET Testing and Validation</title>
      </item>
    </organization>
  </organizations>
  <resources>
    <resource identifier="__6dePON2canj_course_id_RES" type="webcontent" href="index_lms.html" adlcp:scormtype="sco">
      <file href="story_content/thumbnail.jpg" />
      <file href="story_content/5eFqZ6dSmAw_65_DX748_DY748.swf" />
      <file href="mobile/5eFqZ6dSmAw_65_DX748_DY748_CX335_CY353.png" />
      <file href="mobile/5eFqZ6dSmAw_65_DX748_DY748_CX335_CY353.swf" />
      <file href="mobile/5eFqZ6dSmAw_65_DX748_DY748_CX204_CY215.png" />
      <file href="mobile/5eFqZ6dSmAw_65_DX748_DY748_CX204_CY215.swf" />
      <file href="story_content/5iYoDhfJ5hN_44100_56_1.mp3" />
      <file href="story_content/6CfNesotoFX_X_65_DX1480_DY1480.swf" />
      <file href="mobile/6CfNesotoFX_X_65_DX1480_DY1480_CX1164_CY893.png" />
      <file href="mobile/6CfNesotoFX_X_65_DX1480_DY1480_CX1164_CY893.swf" />
      <file href="story_content/6icdAMR63bU_X_65_DX1920_DY1920.swf" />
      <file href="mobile/6icdAMR63bU_X_65_DX1920_DY1920_CX1508_CY169.png" />
      <file href="mobile/6icdAMR63bU_X_65_DX1920_DY1920_CX1508_CY169.swf" />
      <file href="story_content/6FBcwMJypNq_65_DX1920_DY1920.swf" />
      <file href="mobile/6FBcwMJypNq_65_DX1920_DY1920_CX1508_CY169.png" />
      <file href="mobile/6FBcwMJypNq_65_DX1920_DY1920_CX1508_CY169.swf" />
      <file href="story_content/5iBtQMoO0xe_65_DX58_DY58.swf" />
      <file href="mobile/5iBtQMoO0xe_65_DX58_DY58_CX45_CY42.png" />
      <file href="mobile/5iBtQMoO0xe_65_DX58_DY58_CX45_CY42.swf" />
      <file href="story_content/6BqoCEnL356_65_DX86_DY86.swf" />
      <file href="mobile/6BqoCEnL356_65_DX86_DY86_CX66_CY65.png" />
      <file href="mobile/6BqoCEnL356_65_DX86_DY86_CX66_CY65.swf" />
      <file href="story_content/6hjQNzJd6Xl_65_DX112_DY112.swf" />
      <file href="mobile/6hjQNzJd6Xl_65_DX112_DY112_CX86_CY85.png" />
      <file href="mobile/6hjQNzJd6Xl_65_DX112_DY112_CX86_CY85.swf" />
      <file href="story_content/5VTkrk1SOEl_65_C20_DX580_DY580.swf" />
      <file href="mobile/5VTkrk1SOEl_65_C20_DX580_DY580_CX447_CY447.png" />
      <file href="mobile/5VTkrk1SOEl_65_C20_DX580_DY580_CX447_CY447.swf" />
      <file href="story_content/5VtHeujE5xb_44100_56_1.mp3" />
      <file href="story_content/6GWxTNsYOPW_65_DX140_DY140.swf" />
      <file href="mobile/6GWxTNsYOPW_65_DX140_DY140_CX110_CY110.png" />
      <file href="mobile/6GWxTNsYOPW_65_DX140_DY140_CX110_CY110.swf" />
      <file href="story_content/60MZYEWHWzm_65_DX132_DY132.swf" />
      <file href="mobile/60MZYEWHWzm_65_DX132_DY132_CX103_CY103.png" />
      <file href="mobile/60MZYEWHWzm_65_DX132_DY132_CX103_CY103.swf" />
      <file href="story_content/6EqOeTxBEvx_65_DX106_DY106.swf" />
      <file href="mobile/6EqOeTxBEvx_65_DX106_DY106_CX82_CY83.png" />
      <file href="mobile/6EqOeTxBEvx_65_DX106_DY106_CX82_CY83.swf" />
      <file href="story_content/6fN3J96HEsN_65_C10_P_7342_0_8150_7014_DX1840_DY1840.swf" />
      <file href="mobile/6fN3J96HEsN_65_C10_P_7342_0_8150_7014_DX1840_DY1840_CX761_CY655.png" />
      <file href="mobile/6fN3J96HEsN_65_C10_P_7342_0_8150_7014_DX1840_DY1840_CX761_CY655.swf" />
      <file href="story_content/txt__default_661aiOHiT71.swf" />
      <file href="story_content/6qLbUwBe0wS_65_P_533_504_938_910_DX270_DY270.jpg" />
      <file href="mobile/6qLbUwBe0wS_65_P_533_504_938_910_DX270_DY270_CX103_CY100.jpg" />
      <file href="story_content/txt__default_5iJJvw3UlBU.swf" />
      <file href="story_content/txt__default_6gbhBpWjgvZ.swf" />
      <file href="story_content/txt__default_6OqDeIfTpny.swf" />
      <file href="story_content/txt__default_6phQH7cezOy.swf" />
      <file href="story_content/5jyu5X5kav6_44100_56_1.mp3" />
      <file href="story_content/5hkGr4Zrv2H_65_P_0_243_1561_1561_DX366_DY366.jpg" />
      <file href="mobile/5hkGr4Zrv2H_65_P_0_243_1561_1561_DX366_DY366_CX220_CY220.jpg" />
      <file href="story_content/6bbP8njtMhT_65_P_0_58_378_378_DX366_DY366.jpg" />
      <file href="mobile/6bbP8njtMhT_65_P_0_58_378_378_DX366_DY366_CX220_CY220.jpg" />
      <file href="story_content/5Z82AttisBx_65_P_0_191_1664_1664_DX344_DY344.jpg" />
      <file href="mobile/5Z82AttisBx_65_P_0_191_1664_1664_DX344_DY344_CX220_CY220.jpg" />
      <file href="story_content/6McFwSaYdUB_65_P_0_53_244_244_DX402_DY402.jpg" />
      <file href="mobile/6McFwSaYdUB_65_P_0_53_244_244_DX402_DY402_CX220_CY220.jpg" />
      <file href="story_content/5W0o7qRMnAQ_44100_56_1.mp3" />
      <file href="story_content/6EfEhDaPozi_65_DX1920_DY1920.swf" />
      <file href="mobile/6EfEhDaPozi_65_DX1920_DY1920_CX1132_CY849.png" />
      <file href="mobile/6EfEhDaPozi_65_DX1920_DY1920_CX1132_CY849.swf" />
      <file href="story_content/6d2fvQKYScv_65_DX440_DY440.swf" />
      <file href="mobile/6d2fvQKYScv_65_DX440_DY440_CX341_CY341.png" />
      <file href="mobile/6d2fvQKYScv_65_DX440_DY440_CX341_CY341.swf" />
      <file href="story_content/6KdDV7DoRoR_44100_56_1.mp3" />
      <file href="story_content/6g8zfaTGQZQ_65_RG_P_164_15_746_558_DX1142_DY1142.jpg" />
      <file href="mobile/6g8zfaTGQZQ_65_RG_P_164_15_746_558_DX1142_DY1142_CX672_CY503.jpg" />
      <file href="story_content/6Dn9RBQqG6O_65_DX288_DY288.swf" />
      <file href="mobile/6Dn9RBQqG6O_65_DX288_DY288_CX207_CY206.png" />
      <file href="mobile/6Dn9RBQqG6O_65_DX288_DY288_CX207_CY206.swf" />
      <file href="story_content/6VT4WUeefib_65_DX210_DY210.swf" />
      <file href="mobile/6VT4WUeefib_65_DX210_DY210_CX165_CY165.png" />
      <file href="mobile/6VT4WUeefib_65_DX210_DY210_CX165_CY165.swf" />
      <file href="story_content/67C1wbom9MU_44100_56_1.mp3" />
      <file href="story_content/5nmKW7DAeUG_65_DX1026_DY1026.swf" />
      <file href="mobile/5nmKW7DAeUG_65_DX1026_DY1026_CX136_CY797.png" />
      <file href="mobile/5nmKW7DAeUG_65_DX1026_DY1026_CX136_CY797.swf" />
      <file href="story_content/604U37YuZea_65_DX588_DY588.swf" />
      <file href="mobile/604U37YuZea_65_DX588_DY588_CX92_CY462.png" />
      <file href="mobile/604U37YuZea_65_DX588_DY588_CX92_CY462.swf" />
      <file href="story_content/6RHRD2ikLy5_44100_56_1.mp3" />
      <file href="story_content/6JmwDXCgiEy_65_P_326_417_1395_1183_DX280_DY280.swf" />
      <file href="mobile/6JmwDXCgiEy_65_P_326_417_1395_1183_DX280_DY280_CX136_CY115.png" />
      <file href="mobile/6JmwDXCgiEy_65_P_326_417_1395_1183_DX280_DY280_CX136_CY115.swf" />
      <file href="story_content/5anJlVdiZVH_65_DX178_DY178.swf" />
      <file href="mobile/5anJlVdiZVH_65_DX178_DY178_CX140_CY140.png" />
      <file href="mobile/5anJlVdiZVH_65_DX178_DY178_CX140_CY140.swf" />
      <file href="story_content/6JgPSD98g1m_65_DX194_DY194.swf" />
      <file href="mobile/6JgPSD98g1m_65_DX194_DY194_CX152_CY152.png" />
      <file href="mobile/6JgPSD98g1m_65_DX194_DY194_CX152_CY152.swf" />
      <file href="story_content/6VBSVMmL1wl_65_DX176_DY176.swf" />
      <file href="mobile/6VBSVMmL1wl_65_DX176_DY176_CX138_CY138.png" />
      <file href="mobile/6VBSVMmL1wl_65_DX176_DY176_CX138_CY138.swf" />
      <file href="story_content/Shape61xGEm8T6tR.swf" />
      <file href="mobile/5eFqZ6dSmAw_65_DX748_DY748_CX155_CY163.png" />
      <file href="mobile/5eFqZ6dSmAw_65_DX748_DY748_CX155_CY163.swf" />
      <file href="story_content/66ZfUtwznW7_44100_56_1.mp3" />
      <file href="mobile/5eFqZ6dSmAw_65_DX748_DY748_CX346_CY365.png" />
      <file href="mobile/5eFqZ6dSmAw_65_DX748_DY748_CX346_CY365.swf" />
      <file href="story_content/6Av4GrXMVNX_65_P_352_34_472_733_DX1306_DY1306.swf" />
      <file href="mobile/6Av4GrXMVNX_65_P_352_34_472_733_DX1306_DY1306_CX472_CY734.png" />
      <file href="mobile/6Av4GrXMVNX_65_P_352_34_472_733_DX1306_DY1306_CX472_CY734.swf" />
      <file href="story_content/5WVhEOcgGft_44100_56_1.mp3" />
      <file href="story_content/6rIN6W9N6jC_44100_56_1.mp3" />
      <file href="story_content/62AYfgTlCmk_65_R062F62_DX882_DY882.jpg" />
      <file href="mobile/62AYfgTlCmk_65_R062F62_DX882_DY882_CX694_CY692.jpg" />
      <file href="mobile/5eFqZ6dSmAw_65_DX748_DY748_CX71_CY75.png" />
      <file href="mobile/5eFqZ6dSmAw_65_DX748_DY748_CX71_CY75.swf" />
      <file href="story_content/6pDfUKJPpLG_44100_56_1.mp3" />
      <file href="story_content/6XhYQa4kKcZ_65_DX800_DY800.swf" />
      <file href="mobile/6XhYQa4kKcZ_65_DX800_DY800_CX629_CY629.png" />
      <file href="mobile/6XhYQa4kKcZ_65_DX800_DY800_CX629_CY629.swf" />
      <file href="story_content/6EPSPqTbiTv_44100_56_1.mp3" />
      <file href="story_content/6mGkg2iCETH_44100_56_1.mp3" />
      <file href="story_content/5e7cAA8e9zo_65_B10_C20_DX752_DY752.jpg" />
      <file href="mobile/5e7cAA8e9zo_65_B10_C20_DX752_DY752_CX300_CY558.jpg" />
      <file href="story_content/6X0RqSmhxYs_44100_56_1.mp3" />
      <file href="story_content/5fdMysESj51_65_P_341_30_307_696_DX1034_DY1034.jpg" />
      <file href="mobile/5fdMysESj51_65_P_341_30_307_696_DX1034_DY1034_CX243_CY551.jpg" />
      <file href="story_content/5bSDUo0VMQ9_65_P_420_145_227_477_DX1542_DY1542.jpg" />
      <file href="mobile/5bSDUo0VMQ9_65_P_420_145_227_477_DX1542_DY1542_CX228_CY478.jpg" />
      <file href="story_content/txt__default_5o6WHyMwMBF.swf" />
      <file href="story_content/6bGcsCcq5LO_44100_56_1.mp3" />
      <file href="story_content/6mZ0cbP11gq_44100_56_1.mp3" />
      <file href="story_content/67UjZzVTPey_44100_56_1.mp3" />
      <file href="story_content/6SQwFwLUJ77_44100_56_1.mp3" />
      <file href="story_content/5rw2BPRX9gG_44100_56_1.mp3" />
      <file href="story_content/6niyOM1qy6c_65_P_362_278_474_1042_DX1202_DY1202.jpg" />
      <file href="mobile/6niyOM1qy6c_65_P_362_278_474_1042_DX1202_DY1202_CX280_CY616.jpg" />
      <file href="story_content/txt__default_6cAXAn7uzfg.swf" />
      <file href="story_content/6fdgohl0hiW_44100_56_1.mp3" />
      <file href="story_content/txt__default_6HUu3PRXX6c.swf" />
      <file href="story_content/txt__default_6czURK72ptC.swf" />
      <file href="story_content/67HdDlhBx4Q_44100_56_1.mp3" />
      <file href="story_content/6AobFs8aVZG_44100_56_1.mp3" />
      <file href="story_content/6JH1sWtj8Yw_65_B20_P_143_0_575_1000_DX798_DY798.swf" />
      <file href="mobile/6JH1sWtj8Yw_65_B20_P_143_0_575_1000_DX798_DY798_CX303_CY526.png" />
      <file href="mobile/6JH1sWtj8Yw_65_B20_P_143_0_575_1000_DX798_DY798_CX303_CY526.swf" />
      <file href="story_content/5nHHtnVDMfr_44100_56_1.mp3" />
      <file href="story_content/69wTmZKFskL_65_C30_P_0_282_818_152_DX1636_DY1636.jpg" />
      <file href="mobile/69wTmZKFskL_65_C30_P_0_282_818_152_DX1636_DY1636_CX818_CY152.jpg" />
      <file href="story_content/5YWASUSpEvb_44100_56_1.mp3" />
      <file href="story_content/6FmBvJpVFko_44100_56_1.mp3" />
      <file href="story_content/6cxN2ay6Hq0_44100_56_1.mp3" />
      <file href="story_content/txt__default_6GTeBQMgZmR.swf" />
      <file href="story_content/6l9gAhILq76_44100_56_1.mp3" />
      <file href="story_content/txt__default_5p8JrFkQRhr.swf" />
      <file href="story_content/txt__default_5gKZc3imwGG.swf" />
      <file href="story_content/6EFKwaDm1Mq_44100_56_1.mp3" />
      <file href="story_content/6k64XY1c3io_44100_56_1.mp3" />
      <file href="mobile/6niyOM1qy6c_65_P_362_278_474_1042_DX1202_DY1202_CX131_CY289.jpg" />
      <file href="story_content/6UyRBboXSnJ_44100_56_1.mp3" />
      <file href="story_content/6AjReBmZzHy_65_B-10_C20_DX1594_DY1594.jpg" />
      <file href="mobile/6AjReBmZzHy_65_B-10_C20_DX1594_DY1594_CX797_CY70.jpg" />
      <file href="story_content/6O3TSyyoM32_44100_56_1.mp3" />
      <file href="story_content/5WSpgZVpEsZ_65_DX1268_DY1268.jpg" />
      <file href="mobile/5WSpgZVpEsZ_65_DX1268_DY1268_CX997_CY531.jpg" />
      <file href="story_content/6ABlTVibtva_44100_56_1.mp3" />
      <file href="story_content/5corkffoz8X_44100_56_1.mp3" />
      <file href="story_content/68G7IsSCMmv_65_P_424_377_355_900_DX1192_DY1192.jpg" />
      <file href="mobile/68G7IsSCMmv_65_P_424_377_355_900_DX1192_DY1192_CX208_CY528.jpg" />
      <file href="story_content/5k5vkPIh9Zt_44100_56_1.mp3" />
      <file href="story_content/6ImT5Ggaw2G_44100_56_1.mp3" />
      <file href="story_content/68G7IsSCMmv_65_P_306_306_613_996_DX1192_DY1192.jpg" />
      <file href="mobile/68G7IsSCMmv_65_P_306_306_613_996_DX1192_DY1192_CX166_CY270.jpg" />
      <file href="story_content/5dTyjAh4a6T_65_DX930_DY930.jpg" />
      <file href="mobile/5dTyjAh4a6T_65_DX930_DY930_CX294_CY294.jpg" />
      <file href="story_content/5xIryt3QvYN_65_DX436_DY436.swf" />
      <file href="mobile/5xIryt3QvYN_65_DX436_DY436_CX343_CY343.png" />
      <file href="mobile/5xIryt3QvYN_65_DX436_DY436_CX343_CY343.swf" />
      <file href="story_content/6Zv8lU1XOzZ_65_DX544_DY544.swf" />
      <file href="mobile/6Zv8lU1XOzZ_65_DX544_DY544_CX328_CY428.png" />
      <file href="mobile/6Zv8lU1XOzZ_65_DX544_DY544_CX328_CY428.swf" />
      <file href="story_content/5vl1VWG2O0y_44100_56_1.mp3" />
      <file href="story_content/6eIORysZvji_44100_56_1.mp3" />
      <file href="story_content/6IPSFoMm7Zg_65_P_403_326_697_1395_DX798_DY798.jpg" />
      <file href="mobile/6IPSFoMm7Zg_65_P_403_326_697_1395_DX798_DY798_CX214_CY428.jpg" />
      <file href="story_content/6ocUTvBF2GR_44100_56_1.mp3" />
      <file href="story_content/6VxgiqgcpBH_65_P_0_641_922_1085_DX996_DY996.jpg" />
      <file href="mobile/6VxgiqgcpBH_65_P_0_641_922_1085_DX996_DY996_CX352_CY414.jpg" />
      <file href="story_content/5kCWtyYJjhV_44100_56_1.mp3" />
      <file href="story_content/6VgxodU3U30_44100_56_1.mp3" />
      <file href="story_content/Shape6Ni2eunlXMy.swf" />
      <file href="story_content/video_5jxANUMhy7J_21_56_302x240.mp4" />
      <file href="mobile/poster_6Ni2eunlXMy_video_5jxANUMhy7J_21_56_302x240.jpg" />
      <file href="story_content/6D0WPENEfRq_44100_56_1.mp3" />
      <file href="story_content/5dTyjAh4a6T_65_B10_P_297_133_1450_1729_DX930_DY930.jpg" />
      <file href="mobile/5dTyjAh4a6T_65_B10_P_297_133_1450_1729_DX930_DY930_CX518_CY617.jpg" />
      <file href="story_content/txt__default_5o8SlU8vR3t.swf" />
      <file href="story_content/txt__default_5pNbdJCX6RW.swf" />
      <file href="story_content/txt__default_6TpI0D4WbFJ.swf" />
      <file href="story_content/txt__default_6CPyDNjnT1s.swf" />
      <file href="story_content/6m9eE9whglR_44100_56_1.mp3" />
      <file href="story_content/Shape690t6K04x7L.swf" />
      <file href="story_content/video_6jBQI29f51f_21_56_326x328.mp4" />
      <file href="mobile/poster_690t6K04x7L_video_6jBQI29f51f_21_56_326x328.jpg" />
      <file href="story_content/60pt16NMJ6A_44100_56_1.mp3" />
      <file href="story_content/6fVzLGpgkti_65_DX544_DY544.swf" />
      <file href="mobile/6fVzLGpgkti_65_DX544_DY544_CX320_CY320.png" />
      <file href="mobile/6fVzLGpgkti_65_DX544_DY544_CX320_CY320.swf" />
      <file href="story_content/5tQfEOD9nMt_44100_56_1.mp3" />
      <file href="story_content/Shape61HQAIFFBUw.swf" />
      <file href="story_content/video_6EZaXinX4KI_21_56_960x540.mp4" />
      <file href="mobile/poster_61HQAIFFBUw_video_6EZaXinX4KI_21_56_960x540.jpg" />
      <file href="story_content/6OB461AMrEN_44100_56_1.mp3" />
      <file href="story_content/6rMfqBh7jzE_44100_56_1.mp3" />
      <file href="story_content/6ClyWl2n4q4_65_P_0_383_1280_522_DX588_DY588.jpg" />
      <file href="mobile/6ClyWl2n4q4_65_P_0_383_1280_522_DX588_DY588_CX399_CY163.jpg" />
      <file href="story_content/6qkmSRPsjkf_65_P_178_23_273_439_DX632_DY632.jpg" />
      <file href="mobile/6qkmSRPsjkf_65_P_178_23_273_439_DX632_DY632_CX226_CY364.jpg" />
      <file href="story_content/6rjRQOL6O8Y_65_C30_P_252_392_1094_421_DX912_DY912.jpg" />
      <file href="mobile/6rjRQOL6O8Y_65_C30_P_252_392_1094_421_DX912_DY912_CX489_CY188.jpg" />
      <file href="story_content/6JnNhMcAn0S_44100_56_1.mp3" />
      <file href="story_content/6h26yFbem84_65_DX722_DY722.swf" />
      <file href="mobile/6h26yFbem84_65_DX722_DY722_CX314_CY448.png" />
      <file href="mobile/6h26yFbem84_65_DX722_DY722_CX314_CY448.swf" />
      <file href="story_content/6nnHYtqAkAU_65_DX810_DY810.swf" />
      <file href="mobile/6nnHYtqAkAU_65_DX810_DY810_CX182_CY634.png" />
      <file href="mobile/6nnHYtqAkAU_65_DX810_DY810_CX182_CY634.swf" />
      <file href="story_content/5Y5VRkojQV4_44100_56_1.mp3" />
      <file href="story_content/Shape5sCiVmVAIXv.swf" />
      <file href="story_content/video_6qdBmXT6hYD_21_56_864x392.mp4" />
      <file href="mobile/poster_5sCiVmVAIXv_video_6qdBmXT6hYD_21_56_864x392.jpg" />
      <file href="story_content/6JH1sWtj8Yw_65_B20_C40_DX798_DY798.swf" />
      <file href="mobile/6JH1sWtj8Yw_65_B20_C40_DX798_DY798_CX628_CY628.png" />
      <file href="mobile/6JH1sWtj8Yw_65_B20_C40_DX798_DY798_CX628_CY628.swf" />
      <file href="story_content/5ZGqQdetSu8_44100_56_1.mp3" />
      <file href="story_content/630pre0hVUx_44100_56_1.mp3" />
      <file href="story_content/5c2qpWjFoFQ_44100_56_1.mp3" />
      <file href="story_content/6Ka6EFMPtVy_44100_56_1.mp3" />
      <file href="story_content/5ps7BGzaftW_44100_56_1.mp3" />
      <file href="story_content/5WUxYXHW7PO_44100_56_1.mp3" />
      <file href="story_content/6GOOLCmcCU5_44100_56_1.mp3" />
      <file href="story_content/txt__default_5lACnNTz9mJ.swf" />
      <file href="story_content/txt__default_6bEoogUuey2.swf" />
      <file href="story_content/5prM4hO03Hx_65_C20_P_4_76_780_647_DX474_DY474.jpg" />
      <file href="mobile/5prM4hO03Hx_65_C20_P_4_76_780_647_DX474_DY474_CX364_CY302.jpg" />
      <file href="story_content/6rgf5jl0bXl_44100_56_1.mp3" />
      <file href="mobile/6h26yFbem84_65_DX722_DY722_CX398_CY568.png" />
      <file href="mobile/6h26yFbem84_65_DX722_DY722_CX398_CY568.swf" />
      <file href="story_content/60OABuV1Q9M_65_DX422_DY422.swf" />
      <file href="mobile/60OABuV1Q9M_65_DX422_DY422_CX218_CY332.png" />
      <file href="mobile/60OABuV1Q9M_65_DX422_DY422_CX218_CY332.swf" />
      <file href="story_content/68hXD2HFBBL_44100_56_1.mp3" />
      <file href="story_content/5pdtrq4jQIT_65_DX940_DY940.jpg" />
      <file href="mobile/5pdtrq4jQIT_65_DX940_DY940_CX600_CY403.jpg" />
      <file href="story_content/6HRGXFbGGUF_44100_56_1.mp3" />
      <file href="story_content/6qhlDveiaUy_65_C20_DX624_DY624.jpg" />
      <file href="mobile/6qhlDveiaUy_65_C20_DX624_DY624_CX490_CY327.jpg" />
      <file href="story_content/6a7zQdEt4Mz_44100_56_1.mp3" />
      <file href="story_content/6eHlw6DUWsb_65_P_330_60_511_842_DX588_DY588.swf" />
      <file href="mobile/6eHlw6DUWsb_65_P_330_60_511_842_DX588_DY588_CX237_CY390.png" />
      <file href="mobile/6eHlw6DUWsb_65_P_330_60_511_842_DX588_DY588_CX237_CY390.swf" />
      <file href="story_content/5Wep3FYh1Fb_44100_56_1.mp3" />
      <file href="story_content/6oDC4VlsFXd_65_B30_C30_DX416_DY416.swf" />
      <file href="mobile/6oDC4VlsFXd_65_B30_C30_DX416_DY416_CX245_CY327.png" />
      <file href="mobile/6oDC4VlsFXd_65_B30_C30_DX416_DY416_CX245_CY327.swf" />
      <file href="story_content/5tOUb6nafPd_65_B-10_C30_DX294_DY294.swf" />
      <file href="mobile/5tOUb6nafPd_65_B-10_C30_DX294_DY294_CX231_CY151.png" />
      <file href="mobile/5tOUb6nafPd_65_B-10_C30_DX294_DY294_CX231_CY151.swf" />
      <file href="story_content/5q1rjc6a5ER_44100_56_1.mp3" />
      <file href="story_content/5ZcI4TXpVEk_44100_56_1.mp3" />
      <file href="story_content/6S3ea97GcxA_44100_56_1.mp3" />
      <file href="story_content/txt__default_6Qcriz2YYfK.swf" />
      <file href="story_content/5jrPUXQK2jd_44100_56_1.mp3" />
      <file href="story_content/68RrXJnvrxq_65_P_215_134_214_448_DX388_DY388.jpg" />
      <file href="mobile/68RrXJnvrxq_65_P_215_134_214_448_DX388_DY388_CX102_CY213.jpg" />
      <file href="story_content/5ehXSQxHp2n_65_P_218_131_213_447_DX434_DY434.jpg" />
      <file href="mobile/5ehXSQxHp2n_65_P_218_131_213_447_DX434_DY434_CX114_CY238.jpg" />
      <file href="story_content/5y29O6qlVPs_65_P_217_133_212_445_DX436_DY436.jpg" />
      <file href="mobile/5y29O6qlVPs_65_P_217_133_212_445_DX436_DY436_CX114_CY238.jpg" />
      <file href="story_content/5w9LFPcvFEy_44100_56_1.mp3" />
      <file href="story_content/Shape6rTZYOkuWP1.swf" />
      <file href="story_content/video_64gheC3D514_21_56_864x392.mp4" />
      <file href="mobile/poster_6rTZYOkuWP1_video_64gheC3D514_21_56_864x392.jpg" />
      <file href="story_content/5yY4Bw9z4e1_44100_56_1.mp3" />
      <file href="story_content/5eFqZ6dSmAw_65_RW_DX748_DY748.swf" />
      <file href="mobile/5eFqZ6dSmAw_65_RW_DX748_DY748_CX558_CY588.png" />
      <file href="mobile/5eFqZ6dSmAw_65_RW_DX748_DY748_CX558_CY588.swf" />
      <file href="story_content/5lxWabm5HIL_44100_56_1.mp3" />
      <file href="story_content/6Av4GrXMVNX_65_P_298_59_715_708_DX1306_DY1306.swf" />
      <file href="mobile/6Av4GrXMVNX_65_P_298_59_715_708_DX1306_DY1306_CX151_CY149.png" />
      <file href="mobile/6Av4GrXMVNX_65_P_298_59_715_708_DX1306_DY1306_CX151_CY149.swf" />
      <file href="story_content/6EHF1VrKY69_44100_56_1.mp3" />
      <file href="story_content/61I2ctYjcW0_65_P_226_138_187_440_DX1088_DY1088.swf" />
      <file href="mobile/61I2ctYjcW0_65_P_226_138_187_440_DX1088_DY1088_CX116_CY273.png" />
      <file href="mobile/61I2ctYjcW0_65_P_226_138_187_440_DX1088_DY1088_CX116_CY273.swf" />
      <file href="story_content/6PfMpuYRpsF_65_C10_P_432_0_226_806_DX754_DY754.jpg" />
      <file href="mobile/6PfMpuYRpsF_65_C10_P_432_0_226_806_DX754_DY754_CX80_CY283.jpg" />
      <file href="story_content/txt__default_6PClasxirR9.swf" />
      <file href="story_content/txt__default_6QGtxVEePZe.swf" />
      <file href="story_content/txt__default_6apFvXp0QFn.swf" />
      <file href="story_content/5wGwtE47sEi_44100_56_1.mp3" />
      <file href="story_content/6RIbCWpSFTT_44100_56_1.mp3" />
      <file href="story_content/69Jp9RdVgZF_44100_56_1.mp3" />
      <file href="mobile/61I2ctYjcW0_65_P_226_138_187_440_DX1088_DY1088_CX187_CY440.png" />
      <file href="mobile/61I2ctYjcW0_65_P_226_138_187_440_DX1088_DY1088_CX187_CY440.swf" />
      <file href="story_content/6W7PzUiH8mf_44100_56_1.mp3" />
      <file href="story_content/6AjReBmZzHy_65_DX1594_DY1594.jpg" />
      <file href="mobile/6AjReBmZzHy_65_DX1594_DY1594_CX797_CY70.jpg" />
      <file href="story_content/6C9zHyYUiSd_44100_56_1.mp3" />
      <file href="story_content/Shape6bGWfhcFnWX.swf" />
      <file href="story_content/video_6jmK0WlXwYj_21_56_428x336.mp4" />
      <file href="mobile/poster_6bGWfhcFnWX_video_6jmK0WlXwYj_21_56_428x336.jpg" />
      <file href="story_content/615klW9Icya_44100_56_1.mp3" />
      <file href="story_content/675bT7cNACs_65_DX212_DY212.swf" />
      <file href="mobile/675bT7cNACs_65_DX212_DY212_CX123_CY166.png" />
      <file href="mobile/675bT7cNACs_65_DX212_DY212_CX123_CY166.swf" />
      <file href="story_content/5qa2qA6wSrO_65_DX260_DY260.swf" />
      <file href="mobile/5qa2qA6wSrO_65_DX260_DY260_CX188_CY188.png" />
      <file href="mobile/5qa2qA6wSrO_65_DX260_DY260_CX188_CY188.swf" />
      <file href="story_content/6lN2fi2aDN4_44100_56_1.mp3" />
      <file href="story_content/5VCpdIFcvnQ_44100_56_1.mp3" />
      <file href="story_content/6ZPFw5Psvr1_44100_56_1.mp3" />
      <file href="story_content/6B3vHjaEVkm_44100_56_1.mp3" />
      <file href="story_content/6nKfD6S0aCI_65_P_96_316_1728_528_DX1920_DY1920.swf" />
      <file href="mobile/6nKfD6S0aCI_65_P_96_316_1728_528_DX1920_DY1920_CX1358_CY415.png" />
      <file href="mobile/6nKfD6S0aCI_65_P_96_316_1728_528_DX1920_DY1920_CX1358_CY415.swf" />
      <file href="story_content/61I2ctYjcW0_65_P_223_139_196_430_DX1088_DY1088.swf" />
      <file href="mobile/61I2ctYjcW0_65_P_223_139_196_430_DX1088_DY1088_CX103_CY226.png" />
      <file href="mobile/61I2ctYjcW0_65_P_223_139_196_430_DX1088_DY1088_CX103_CY226.swf" />
      <file href="story_content/txt__default_5ghybkTLYsC.swf" />
      <file href="story_content/txt__default_5Xtx0NU6uwJ.swf" />
      <file href="story_content/txt__default_6V0QTENXhZo.swf" />
      <file href="story_content/txt__default_6oFLDO5SfHW.swf" />
      <file href="story_content/6OkbzU0kzYE_44100_56_1.mp3" />
      <file href="story_content/5r68iXsDs34_44100_56_1.mp3" />
      <file href="story_content/txt__default_6ahp941cctu.swf" />
      <file href="story_content/6aXlcnil3VF_65_P_96_236_459_688_DX1566_DY1566.swf" />
      <file href="mobile/6aXlcnil3VF_65_P_96_236_459_688_DX1566_DY1566_CX244_CY366.png" />
      <file href="mobile/6aXlcnil3VF_65_P_96_236_459_688_DX1566_DY1566_CX244_CY366.swf" />
      <file href="story_content/6aXlcnil3VF_65_P_1324_236_212_688_DX1566_DY1566.swf" />
      <file href="mobile/6aXlcnil3VF_65_P_1324_236_212_688_DX1566_DY1566_CX113_CY366.png" />
      <file href="mobile/6aXlcnil3VF_65_P_1324_236_212_688_DX1566_DY1566_CX113_CY366.swf" />
      <file href="story_content/5hBcgnoS1tO_65_P_250_0_815_1919_DX294_DY294.swf" />
      <file href="mobile/5hBcgnoS1tO_65_P_250_0_815_1919_DX294_DY294_CX97_CY228.png" />
      <file href="mobile/5hBcgnoS1tO_65_P_250_0_815_1919_DX294_DY294_CX97_CY228.swf" />
      <file href="story_content/6nQuZ6u827Y_44100_56_1.mp3" />
      <file href="story_content/6k8n8KgyVx5_65_P_0_0_1200_1457_DX720_DY720.jpg" />
      <file href="mobile/6k8n8KgyVx5_65_P_0_0_1200_1457_DX720_DY720_CX424_CY515.jpg" />
      <file href="story_content/5YIiZqaoEsx_44100_56_1.mp3" />
      <file href="story_content/6k8n8KgyVx5_65_DX720_DY720.jpg" />
      <file href="mobile/6k8n8KgyVx5_65_DX720_DY720_CX292_CY390.jpg" />
      <file href="story_content/Shape6JpBg23uuDA.swf" />
      <file href="story_content/video_6FPWhY2GmYN_21_56_138x248.mp4" />
      <file href="mobile/poster_6JpBg23uuDA_video_6FPWhY2GmYN_21_56_138x248.jpg" />
      <file href="story_content/6a48oo3LSW7_65_B10_C10_P_288_0_391_768_DX794_DY794.jpg" />
      <file href="mobile/6a48oo3LSW7_65_B10_C10_P_288_0_391_768_DX794_DY794_CX199_CY390.jpg" />
      <file href="story_content/txt__default_6msQpeLuoex.swf" />
      <file href="story_content/62CHWgajnTm_44100_56_1.mp3" />
      <file href="story_content/5tcA9qoDPve_44100_56_1.mp3" />
      <file href="story_content/txt__default_6TxHnRHQhto.swf" />
      <file href="story_content/6Fxvrf0X8qx_44100_56_1.mp3" />
      <file href="story_content/5rZxqAWzJi5_44100_56_1.mp3" />
      <file href="story_content/6FEsISaGp52_65_P_0_53_1600_934_DX1274_DY1274.swf" />
      <file href="mobile/6FEsISaGp52_65_P_0_53_1600_934_DX1274_DY1274_CX1001_CY585.png" />
      <file href="mobile/6FEsISaGp52_65_P_0_53_1600_934_DX1274_DY1274_CX1001_CY585.swf" />
      <file href="story_content/6IBVLrkKpqZ_44100_56_1.mp3" />
      <file href="story_content/6fm8wUlfPLf_65_P_12_55_1003_128_DX1098_DY1098.swf" />
      <file href="mobile/6fm8wUlfPLf_65_P_12_55_1003_128_DX1098_DY1098_CX782_CY100.png" />
      <file href="mobile/6fm8wUlfPLf_65_P_12_55_1003_128_DX1098_DY1098_CX782_CY100.swf" />
      <file href="story_content/5hYw11OjXAI_44100_56_1.mp3" />
      <file href="story_content/6SxQMFsGUge_44100_56_1.mp3" />
      <file href="story_content/6CaFpb2Xrcy_44100_56_1.mp3" />
      <file href="story_content/5fkZiy7BhbO_44100_56_1.mp3" />
      <file href="mobile/6fm8wUlfPLf_65_P_12_55_1003_128_DX1098_DY1098_CX485_CY62.png" />
      <file href="mobile/6fm8wUlfPLf_65_P_12_55_1003_128_DX1098_DY1098_CX485_CY62.swf" />
      <file href="story_content/6qerD3iXqKs_44100_56_1.mp3" />
      <file href="story_content/5bAnGhlBqBJ_44100_56_1.mp3" />
      <file href="story_content/66LKD8zzIRp_44100_56_1.mp3" />
      <file href="story_content/5qbC8H3PRHN_65_P_0_0_424_804_DX944_DY944.jpg" />
      <file href="mobile/5qbC8H3PRHN_65_P_0_0_424_804_DX944_DY944_CX251_CY476.jpg" />
      <file href="story_content/6jTO2N0yB8P_65_DX542_DY542.swf" />
      <file href="mobile/6jTO2N0yB8P_65_DX542_DY542_CX187_CY203.png" />
      <file href="mobile/6jTO2N0yB8P_65_DX542_DY542_CX187_CY203.swf" />
      <file href="story_content/6jTO2N0yB8P_65_P_23_798_184_380_DX542_DY542.swf" />
      <file href="mobile/6jTO2N0yB8P_65_P_23_798_184_380_DX542_DY542_CX22_CY45.png" />
      <file href="mobile/6jTO2N0yB8P_65_P_23_798_184_380_DX542_DY542_CX22_CY45.swf" />
      <file href="story_content/txt__default_6PskNj4PCyH.swf" />
      <file href="story_content/5mrILfPuLcu_44100_56_1.mp3" />
      <file href="story_content/5qbC8H3PRHN_65_DX944_DY944.jpg" />
      <file href="mobile/5qbC8H3PRHN_65_DX944_DY944_CX657_CY422.jpg" />
      <file href="story_content/6jTO2N0yB8P_65_P_13_834_115_206_DX542_DY542.swf" />
      <file href="mobile/6jTO2N0yB8P_65_P_13_834_115_206_DX542_DY542_CX20_CY36.png" />
      <file href="mobile/6jTO2N0yB8P_65_P_13_834_115_206_DX542_DY542_CX20_CY36.swf" />
      <file href="story_content/6jTO2N0yB8P_65_P_21_932_96_114_DX542_DY542.swf" />
      <file href="mobile/6jTO2N0yB8P_65_P_21_932_96_114_DX542_DY542_CX12_CY14.png" />
      <file href="mobile/6jTO2N0yB8P_65_P_21_932_96_114_DX542_DY542_CX12_CY14.swf" />
      <file href="story_content/txt__default_6lym0WvQRo0.swf" />
      <file href="story_content/61nnhfZNjfv_44100_56_1.mp3" />
      <file href="mobile/5qbC8H3PRHN_65_DX944_DY944_CX692_CY444.jpg" />
      <file href="mobile/6jTO2N0yB8P_65_DX542_DY542_CX155_CY168.png" />
      <file href="mobile/6jTO2N0yB8P_65_DX542_DY542_CX155_CY168.swf" />
      <file href="story_content/txt__default_5YTEi8lg76H.swf" />
      <file href="story_content/5qbC8H3PRHN_65_P_806_0_446_804_DX944_DY944.jpg" />
      <file href="mobile/5qbC8H3PRHN_65_P_806_0_446_804_DX944_DY944_CX264_CY475.jpg" />
      <file href="story_content/6A1Q0RJSq71_44100_56_1.mp3" />
      <file href="story_content/5bhrDCkFgGS_65_DX1216_DY1216.swf" />
      <file href="mobile/5bhrDCkFgGS_65_DX1216_DY1216_CX956_CY478.png" />
      <file href="mobile/5bhrDCkFgGS_65_DX1216_DY1216_CX956_CY478.swf" />
      <file href="story_content/5iU1BkZ6ANz_44100_56_1.mp3" />
      <file href="story_content/5gnU9YjOdXn_65_DX624_DY624.swf" />
      <file href="mobile/5gnU9YjOdXn_65_DX624_DY624_CX240_CY490.png" />
      <file href="mobile/5gnU9YjOdXn_65_DX624_DY624_CX240_CY490.swf" />
      <file href="story_content/66BPEDB0taM_44100_56_1.mp3" />
      <file href="story_content/6FTOrEDvGp8_44100_56_1.mp3" />
      <file href="story_content/6qM5pkUCMNn_65_P_0_0_1495_1937_DX592_DY592.jpg" />
      <file href="mobile/6qM5pkUCMNn_65_P_0_0_1495_1937_DX592_DY592_CX339_CY439.jpg" />
      <file href="mobile/5gnU9YjOdXn_65_DX624_DY624_CX84_CY171.png" />
      <file href="mobile/5gnU9YjOdXn_65_DX624_DY624_CX84_CY171.swf" />
      <file href="story_content/5dcE6NJ5yl8_65_DX482_DY482.swf" />
      <file href="mobile/5dcE6NJ5yl8_65_DX482_DY482_CX106_CY379.png" />
      <file href="mobile/5dcE6NJ5yl8_65_DX482_DY482_CX106_CY379.swf" />
      <file href="story_content/Shape5v8Er3EOmrB.swf" />
      <file href="story_content/video_6jmK0WlXwYj_21_56_286x224.mp4" />
      <file href="mobile/poster_5v8Er3EOmrB_video_6jmK0WlXwYj_21_56_286x224.jpg" />
      <file href="story_content/5x777dBKjrs_44100_56_1.mp3" />
      <file href="story_content/6ayL6OA1rgi_44100_56_1.mp3" />
      <file href="story_content/txt__default_6F7zjJ3CL5I.swf" />
      <file href="story_content/6q7t8GX7CUy_65_DX800_DY800.swf" />
      <file href="mobile/6q7t8GX7CUy_65_DX800_DY800_CX400_CY300.png" />
      <file href="mobile/6q7t8GX7CUy_65_DX800_DY800_CX400_CY300.swf" />
      <file href="story_content/6Uy5YTIlq5v_65_DX1024_DY1024.swf" />
      <file href="mobile/6Uy5YTIlq5v_65_DX1024_DY1024_CX512_CY512.png" />
      <file href="mobile/6Uy5YTIlq5v_65_DX1024_DY1024_CX512_CY512.swf" />
      <file href="story_content/5rYy4mgjiKu_44100_56_1.mp3" />
      <file href="story_content/5qVtubjqGIw_44100_56_1.mp3" />
      <file href="story_content/60GS312KlPv_65_DX460_DY460.swf" />
      <file href="mobile/60GS312KlPv_65_DX460_DY460_CX50_CY230.png" />
      <file href="mobile/60GS312KlPv_65_DX460_DY460_CX50_CY230.swf" />
      <file href="story_content/5szdRs9YO8I_65_DX460_DY460.swf" />
      <file href="mobile/5szdRs9YO8I_65_DX460_DY460_CX50_CY230.png" />
      <file href="mobile/5szdRs9YO8I_65_DX460_DY460_CX50_CY230.swf" />
      <file href="story_content/txt__default_6pG3mjAHPgs.swf" />
      <file href="story_content/txt__default_5jvDkv9j0s5.swf" />
      <file href="story_content/5usy7mwnjUb_44100_56_1.mp3" />
      <file href="story_content/6FhOPLqU9u7_44100_56_1.mp3" />
      <file href="story_content/6JeMDNmgA0y_44100_56_1.mp3" />
      <file href="story_content/6MFiWoAQy2S_44100_56_1.mp3" />
      <file href="story_content/6c9Oke8F99B_44100_56_1.mp3" />
      <file href="story_content/6bDbmLauQFB_44100_56_1.mp3" />
      <file href="story_content/6HGp1TcaLen_44100_56_1.mp3" />
      <file href="story_content/60rYegJkTlf_44100_56_1.mp3" />
      <file href="story_content/62XEqEtEo9T_44100_56_1.mp3" />
      <file href="story_content/6JN5ay58JJh_44100_56_1.mp3" />
      <file href="story_content/6glfPzpCldl_X_65_DX1920_DY1920.swf" />
      <file href="mobile/6glfPzpCldl_X_65_DX1920_DY1920_CX1508_CY169.png" />
      <file href="mobile/6glfPzpCldl_X_65_DX1920_DY1920_CX1508_CY169.swf" />
      <file href="story_content/6Xccf6SAWgZ_65_DX1920_DY1920.swf" />
      <file href="mobile/6Xccf6SAWgZ_65_DX1920_DY1920_CX1508_CY169.png" />
      <file href="mobile/6Xccf6SAWgZ_65_DX1920_DY1920_CX1508_CY169.swf" />
      <file href="story_content/68pnyYCtJcr_X_65_DX1480_DY1480.swf" />
      <file href="mobile/68pnyYCtJcr_X_65_DX1480_DY1480_CX1164_CY893.png" />
      <file href="mobile/68pnyYCtJcr_X_65_DX1480_DY1480_CX1164_CY893.swf" />
      <file href="story_content/6SSwTUsztnj_X_65_DX1480_DY1480.swf" />
      <file href="mobile/6SSwTUsztnj_X_65_DX1480_DY1480_CX1164_CY893.png" />
      <file href="mobile/6SSwTUsztnj_X_65_DX1480_DY1480_CX1164_CY893.swf" />
      <file href="story_content/6UVkg22LzIt_65_C10_P_219_245_1509_550_DX1672_DY1672.swf" />
      <file href="mobile/6UVkg22LzIt_65_C10_P_219_245_1509_550_DX1672_DY1672_CX1034_CY377.png" />
      <file href="mobile/6UVkg22LzIt_65_C10_P_219_245_1509_550_DX1672_DY1672_CX1034_CY377.swf" />
      <file href="story_content/6K2wlzFjD5E_44100_56_1.mp3" />
      <file href="story_content/6UVkg22LzIt_65_C10_P_219_245_697_550_DX1672_DY1672.swf" />
      <file href="mobile/6UVkg22LzIt_65_C10_P_219_245_697_550_DX1672_DY1672_CX478_CY377.png" />
      <file href="mobile/6UVkg22LzIt_65_C10_P_219_245_697_550_DX1672_DY1672_CX478_CY377.swf" />
      <file href="story_content/6mtWFaGzTFZ_44100_56_1.mp3" />
      <file href="story_content/6PfZJdKcjJR_44100_56_1.mp3" />
      <file href="story_content/5uhdG9mvhXH_44100_56_1.mp3" />
      <file href="story_content/txt__default_6rPALmo2xgD.swf" />
      <file href="story_content/6FIWMikR6L9_44100_56_1.mp3" />
      <file href="story_content/txt__default_6aFyJnXlLdu.swf" />
      <file href="story_content/6Rgb7pNS7QY_44100_56_1.mp3" />
      <file href="story_content/5fdXPQwk8OQ_44100_56_1.mp3" />
      <file href="story_content/6aXlcnil3VF_65_P_166_277_215_640_DX1566_DY1566.swf" />
      <file href="mobile/6aXlcnil3VF_65_P_166_277_215_640_DX1566_DY1566_CX138_CY409.png" />
      <file href="mobile/6aXlcnil3VF_65_P_166_277_215_640_DX1566_DY1566_CX138_CY409.swf" />
      <file href="story_content/6pTKjlrGtlr_44100_56_1.mp3" />
      <file href="story_content/6aXlcnil3VF_65_P_147_270_411_640_DX1566_DY1566.swf" />
      <file href="mobile/6aXlcnil3VF_65_P_147_270_411_640_DX1566_DY1566_CX264_CY410.png" />
      <file href="mobile/6aXlcnil3VF_65_P_147_270_411_640_DX1566_DY1566_CX264_CY410.swf" />
      <file href="story_content/6GivRYQGrWw_44100_56_1.mp3" />
      <file href="story_content/5eVaZjnFfBY_44100_56_1.mp3" />
      <file href="story_content/5W7emDZc7Xj_44100_56_1.mp3" />
      <file href="story_content/6CBTuIHpLSy_44100_56_1.mp3" />
      <file href="story_content/5wIhHurRaZY_44100_56_1.mp3" />
      <file href="story_content/6lFWLJsq4jx_44100_56_1.mp3" />
      <file href="story_content/6leXtVqKwJt_44100_56_1.mp3" />
      <file href="story_content/5qmBGE8kLkQ_44100_56_1.mp3" />
      <file href="story_content/5zbZEM2jN5D_44100_56_1.mp3" />
      <file href="story_content/60kcd9surQL_44100_56_1.mp3" />
      <file href="story_content/6ibEXJGCY9T_44100_56_1.mp3" />
      <file href="story_content/6UJe7dzjOoa_44100_56_1.mp3" />
      <file href="story_content/5d0XCcxErem_44100_56_1.mp3" />
      <file href="story_content/5d9kRa2mYQL_44100_56_1.mp3" />
      <file href="story_content/5eP7e3wotAM_44100_56_1.mp3" />
      <file href="story_content/5yMrdxSH8Zc_44100_56_1.mp3" />
      <file href="story_content/6IC5TqQb5gZ_44100_56_1.mp3" />
      <file href="story_content/5dEqqTtbsXX_44100_56_1.mp3" />
      <file href="story_content/6k1aejbBHbp_44100_56_1.mp3" />
      <file href="story_content/6k7iqwhJ5AD_44100_56_1.mp3" />
      <file href="story_content/5tFp706s27Z_65_DX476_DY476.jpg" />
      <file href="mobile/5tFp706s27Z_65_DX476_DY476_CX310_CY73.jpg" />
      <file href="story_content/5Vw9BNcH6dS_65_DX1124_DY1124.jpg" />
      <file href="mobile/5Vw9BNcH6dS_65_DX1124_DY1124_CX876_CY103.jpg" />
      <file href="story_content/622HtrGcPf3_44100_56_1.mp3" />
      <file href="story_content/6ddEC4UqQAF_44100_56_1.mp3" />
      <file href="story_content/694a5XTOqqJ_44100_56_1.mp3" />
      <file href="story_content/txt__default_5rzZ4LY6fAU.swf" />
      <file href="story_content/5a2vDY295Jg_44100_56_1.mp3" />
      <file href="story_content/64SMfNDku1X_44100_56_1.mp3" />
      <file href="story_content/5osV2kpxDTU_44100_56_1.mp3" />
      <file href="story_content/6VhzHDQF3eP_44100_56_1.mp3" />
      <file href="story_content/6WJySFhugv1_44100_56_1.mp3" />
      <file href="story_content/txt__default_6NC1ZFbu4AF.swf" />
      <file href="story_content/6ffXpgc0CmX_44100_56_1.mp3" />
      <file href="story_content/txt__default_6RcIBhJ4xwL.swf" />
      <file href="story_content/6jWhlWFRupc_44100_56_1.mp3" />
      <file href="story_content/5w89ebQQZFB_44100_56_1.mp3" />
      <file href="story_content/5pZ4AntkEkh_65_P_-39_-2_658_554_DX568_DY568.swf" />
      <file href="mobile/5pZ4AntkEkh_65_P_-39_-2_658_554_DX568_DY568_CX418_CY352.png" />
      <file href="mobile/5pZ4AntkEkh_65_P_-39_-2_658_554_DX568_DY568_CX418_CY352.swf" />
      <file href="story_content/5yhvnElHniK_65_DX86_DY86.swf" />
      <file href="mobile/5yhvnElHniK_65_DX86_DY86_CX55_CY56.png" />
      <file href="mobile/5yhvnElHniK_65_DX86_DY86_CX55_CY56.swf" />
      <file href="story_content/676emEAGPqu_65_DX84_DY84.swf" />
      <file href="mobile/676emEAGPqu_65_DX84_DY84_CX55_CY54.png" />
      <file href="mobile/676emEAGPqu_65_DX84_DY84_CX55_CY54.swf" />
      <file href="story_content/6DQSkVmMtyy_65_DX98_DY98.swf" />
      <file href="mobile/6DQSkVmMtyy_65_DX98_DY98_CX77_CY55.png" />
      <file href="mobile/6DQSkVmMtyy_65_DX98_DY98_CX77_CY55.swf" />
      <file href="story_content/5hjvXyiPsQK_65_DX84_DY84.swf" />
      <file href="mobile/5hjvXyiPsQK_65_DX84_DY84_CX55_CY56.png" />
      <file href="mobile/5hjvXyiPsQK_65_DX84_DY84_CX55_CY56.swf" />
      <file href="story_content/6JeGcPh2zUI_65_DX126_DY126.swf" />
      <file href="mobile/6JeGcPh2zUI_65_DX126_DY126_CX99_CY56.png" />
      <file href="mobile/6JeGcPh2zUI_65_DX126_DY126_CX99_CY56.swf" />
      <file href="story_content/6Cxxk6kmGRk_44100_56_1.mp3" />
      <file href="meta.xml" />
      <file href="story_content/FontFactory.swf" />
      <file href="story_content/fonts.swf" />
      <file href="story_content/fonts.xml" />
      <file href="story_content/6P6h03zQzVZ.png" />
      <file href="story_content/6qT0V7hHe7p.png" />
      <file href="story_content/6N1dk8lcv9F.png" />
      <file href="story_content/5ehZQoJZ0ae.png" />
      <file href="story_content/frame.xml" />
      <file href="story_content/user.js" />
      <file href="story_content/external_files/COA of CSE.pdf" />
      <file href="story_content/external_files/COA of Lysate.pdf" />
      <file href="story_content/external_files/Heating Block.pdf" />
      <file href="story_content/external_files/Vortex Mixer.pdf" />
      <file href="mobile/app_store.png" />
      <file href="mobile/mobile_icon.png" />
      <file href="mobile/linen_background.jpg" />
      <file href="mobile/txt__default_661aiOHiT71.png" />
      <file href="mobile/txt__default_5iJJvw3UlBU.png" />
      <file href="mobile/txt__default_6gbhBpWjgvZ.png" />
      <file href="mobile/txt__default_6OqDeIfTpny.png" />
      <file href="mobile/txt__default_6phQH7cezOy.png" />
      <file href="mobile/Shape61xGEm8T6tR.png" />
      <file href="mobile/txt__default_5o6WHyMwMBF.png" />
      <file href="mobile/txt__default_6cAXAn7uzfg.png" />
      <file href="mobile/txt__default_6HUu3PRXX6c.png" />
      <file href="mobile/txt__default_6czURK72ptC.png" />
      <file href="mobile/txt__default_6GTeBQMgZmR.png" />
      <file href="mobile/txt__default_5p8JrFkQRhr.png" />
      <file href="mobile/txt__default_5gKZc3imwGG.png" />
      <file href="mobile/txt__default_5o8SlU8vR3t.png" />
      <file href="mobile/txt__default_5pNbdJCX6RW.png" />
      <file href="mobile/txt__default_6TpI0D4WbFJ.png" />
      <file href="mobile/txt__default_6CPyDNjnT1s.png" />
      <file href="mobile/txt__default_5lACnNTz9mJ.png" />
      <file href="mobile/txt__default_6bEoogUuey2.png" />
      <file href="mobile/txt__default_6Qcriz2YYfK.png" />
      <file href="mobile/txt__default_6PClasxirR9.png" />
      <file href="mobile/txt__default_6QGtxVEePZe.png" />
      <file href="mobile/txt__default_6apFvXp0QFn.png" />
      <file href="mobile/txt__default_5ghybkTLYsC.png" />
      <file href="mobile/txt__default_5Xtx0NU6uwJ.png" />
      <file href="mobile/txt__default_6V0QTENXhZo.png" />
      <file href="mobile/txt__default_6oFLDO5SfHW.png" />
      <file href="mobile/txt__default_6ahp941cctu.png" />
      <file href="mobile/txt__default_6msQpeLuoex.png" />
      <file href="mobile/txt__default_6TxHnRHQhto.png" />
      <file href="mobile/txt__default_6PskNj4PCyH.png" />
      <file href="mobile/txt__default_6lym0WvQRo0.png" />
      <file href="mobile/txt__default_5YTEi8lg76H.png" />
      <file href="mobile/txt__default_6F7zjJ3CL5I.png" />
      <file href="mobile/txt__default_6pG3mjAHPgs.png" />
      <file href="mobile/txt__default_5jvDkv9j0s5.png" />
      <file href="mobile/txt__default_6rPALmo2xgD.png" />
      <file href="mobile/txt__default_6aFyJnXlLdu.png" />
      <file href="mobile/txt__default_5rzZ4LY6fAU.png" />
      <file href="mobile/txt__default_6NC1ZFbu4AF.png" />
      <file href="mobile/txt__default_6RcIBhJ4xwL.png" />
      <file href="story.swf" />
      <file href="story_content/frame.swf" />
      <file href="story_content/slides/6AhCuBddY26.swf" />
      <file href="mobile/slides/6AhCuBddY26.gz" />
      <file href="story_content/slides/6CbwglbaQux.swf" />
      <file href="mobile/slides/6CbwglbaQux.gz" />
      <file href="story_content/slides/611kn2LGTnL.swf" />
      <file href="mobile/slides/611kn2LGTnL.gz" />
      <file href="story_content/slides/6bT0BJSWkVf.swf" />
      <file href="mobile/slides/6bT0BJSWkVf.gz" />
      <file href="story_content/slides/6EOyXsTAKWH.swf" />
      <file href="mobile/slides/6EOyXsTAKWH.gz" />
      <file href="story_content/slides/5o501qSM19r.swf" />
      <file href="mobile/slides/5o501qSM19r.gz" />
      <file href="story_content/slides/6bF453Og0mn.swf" />
      <file href="mobile/slides/6bF453Og0mn.gz" />
      <file href="story_content/slides/6G4dTN8i9S7.swf" />
      <file href="mobile/slides/6G4dTN8i9S7.gz" />
      <file href="story_content/slides/5qDI8kH9Ugi.swf" />
      <file href="mobile/slides/5qDI8kH9Ugi.gz" />
      <file href="story_content/slides/6l2Bdtjt8I5.swf" />
      <file href="mobile/slides/6l2Bdtjt8I5.gz" />
      <file href="story_content/slides/5jznOXcGw0B.swf" />
      <file href="mobile/slides/5jznOXcGw0B.gz" />
      <file href="story_content/slides/6lcBR0AuPII.swf" />
      <file href="mobile/slides/6lcBR0AuPII.gz" />
      <file href="story_content/slides/5qZtc0BhaZc.swf" />
      <file href="mobile/slides/5qZtc0BhaZc.gz" />
      <file href="story_content/slides/64srJzwagT1.swf" />
      <file href="mobile/slides/64srJzwagT1.gz" />
      <file href="story_content/slides/5lB5eVmZrI4.swf" />
      <file href="mobile/slides/5lB5eVmZrI4.gz" />
      <file href="story_content/slides/6Ed9seSNT2Q.swf" />
      <file href="mobile/slides/6Ed9seSNT2Q.gz" />
      <file href="story_content/slides/5tyBrIznnn0.swf" />
      <file href="mobile/slides/5tyBrIznnn0.gz" />
      <file href="story_content/slides/5i2fW0grU3W.swf" />
      <file href="mobile/slides/5i2fW0grU3W.gz" />
      <file href="story_content/slides/5hDgKfQf6l9.swf" />
      <file href="mobile/slides/5hDgKfQf6l9.gz" />
      <file href="story_content/slides/6feTeS7lBOA.swf" />
      <file href="mobile/slides/6feTeS7lBOA.gz" />
      <file href="story_content/slides/626F4hedYnq.swf" />
      <file href="mobile/slides/626F4hedYnq.gz" />
      <file href="story_content/slides/5uNA5x3OAxF.swf" />
      <file href="mobile/slides/5uNA5x3OAxF.gz" />
      <file href="story_content/slides/5YdL0bUpn53.swf" />
      <file href="mobile/slides/5YdL0bUpn53.gz" />
      <file href="story_content/slides/6LiC4Hx7Bme.swf" />
      <file href="mobile/slides/6LiC4Hx7Bme.gz" />
      <file href="story_content/slides/6Y4WLJzk1jk.swf" />
      <file href="mobile/slides/6Y4WLJzk1jk.gz" />
      <file href="story_content/slides/6MKMLA78uOr.swf" />
      <file href="mobile/slides/6MKMLA78uOr.gz" />
      <file href="story_content/slides/61tWfgcKfDA.swf" />
      <file href="mobile/slides/61tWfgcKfDA.gz" />
      <file href="story_content/slides/6aA9lPKefXd.swf" />
      <file href="mobile/slides/6aA9lPKefXd.gz" />
      <file href="story_content/slides/6WLdXh3XBez.swf" />
      <file href="mobile/slides/6WLdXh3XBez.gz" />
      <file href="story_content/slides/6GevCfW3F7e.swf" />
      <file href="mobile/slides/6GevCfW3F7e.gz" />
      <file href="story_content/slides/5mVAHnTBTve.swf" />
      <file href="mobile/slides/5mVAHnTBTve.gz" />
      <file href="story_content/slides/6SRJ6gi2SCj.swf" />
      <file href="mobile/slides/6SRJ6gi2SCj.gz" />
      <file href="story_content/slides/63S9zWBAQgE.swf" />
      <file href="mobile/slides/63S9zWBAQgE.gz" />
      <file href="story_content/slides/5zWmJoocH3t.swf" />
      <file href="mobile/slides/5zWmJoocH3t.gz" />
      <file href="story_content/slides/6fY6SEi5ZmC.swf" />
      <file href="mobile/slides/6fY6SEi5ZmC.gz" />
      <file href="story_content/slides/6PIGpvWC2AX.swf" />
      <file href="mobile/slides/6PIGpvWC2AX.gz" />
      <file href="story_content/slides/6GrAEFJnu7J.swf" />
      <file href="mobile/slides/6GrAEFJnu7J.gz" />
      <file href="story_content/slides/6hZziCaSfu3.swf" />
      <file href="mobile/slides/6hZziCaSfu3.gz" />
      <file href="story_content/slides/6kEP12yelnD.swf" />
      <file href="mobile/slides/6kEP12yelnD.gz" />
      <file href="story_content/slides/5n9Ot2UK2XZ.swf" />
      <file href="mobile/slides/5n9Ot2UK2XZ.gz" />
      <file href="story_content/slides/68K3fFVRBA3.swf" />
      <file href="mobile/slides/68K3fFVRBA3.gz" />
      <file href="story_content/slides/6W3oxO0hb0A.swf" />
      <file href="mobile/slides/6W3oxO0hb0A.gz" />
      <file href="story_content/slides/6oHRD9LIeXd.swf" />
      <file href="mobile/slides/6oHRD9LIeXd.gz" />
      <file href="story_content/slides/6SSJ2tRRbpv.swf" />
      <file href="mobile/slides/6SSJ2tRRbpv.gz" />
      <file href="story_content/slides/5ZZ2ckxccF6.swf" />
      <file href="mobile/slides/5ZZ2ckxccF6.gz" />
      <file href="story_content/slides/5gjwPvwdPti.swf" />
      <file href="mobile/slides/5gjwPvwdPti.gz" />
      <file href="story_content/slides/6NRWa3v1JkJ.swf" />
      <file href="mobile/slides/6NRWa3v1JkJ.gz" />
      <file href="story_content/slides/6hEyFmuWTCH.swf" />
      <file href="mobile/slides/6hEyFmuWTCH.gz" />
      <file href="story_content/slides/5XS1x1gMHre.swf" />
      <file href="mobile/slides/5XS1x1gMHre.gz" />
      <file href="story_content/slides/5VxtWGW0NpM.swf" />
      <file href="mobile/slides/5VxtWGW0NpM.gz" />
      <file href="story_content/slides/6UAr7xViI6U.swf" />
      <file href="mobile/slides/6UAr7xViI6U.gz" />
      <file href="story_content/slides/5pXxqWHQlvR.swf" />
      <file href="mobile/slides/5pXxqWHQlvR.gz" />
      <file href="story_content/slides/6oTJRUR6zUC.swf" />
      <file href="mobile/slides/6oTJRUR6zUC.gz" />
      <file href="story_content/slides/6IcIext9RJC.swf" />
      <file href="mobile/slides/6IcIext9RJC.gz" />
      <file href="story_content/slides/5jBq9cZS795.swf" />
      <file href="mobile/slides/5jBq9cZS795.gz" />
      <file href="story_content/slides/5fXao3dCrpF.swf" />
      <file href="mobile/slides/5fXao3dCrpF.gz" />
      <file href="story_content/slides/6i9Z6cxyD0a.swf" />
      <file href="mobile/slides/6i9Z6cxyD0a.gz" />
      <file href="story_content/slides/6fTyL7Yabt1.swf" />
      <file href="mobile/slides/6fTyL7Yabt1.gz" />
      <file href="story_content/slides/6aeFDPNyYNp.swf" />
      <file href="mobile/slides/6aeFDPNyYNp.gz" />
      <file href="story_content/slides/5VOlXnpDdwg.swf" />
      <file href="mobile/slides/5VOlXnpDdwg.gz" />
      <file href="story_content/slides/6k8Oz4eb0k5.swf" />
      <file href="mobile/slides/6k8Oz4eb0k5.gz" />
      <file href="story_content/slides/6YM7r2Roojq.swf" />
      <file href="mobile/slides/6YM7r2Roojq.gz" />
      <file href="story_content/slides/61drpjTu2w6.swf" />
      <file href="mobile/slides/61drpjTu2w6.gz" />
      <file href="story_content/slides/6N41G5NDwTB.swf" />
      <file href="mobile/slides/6N41G5NDwTB.gz" />
      <file href="story_content/slides/6LPrbDGJmRE.swf" />
      <file href="mobile/slides/6LPrbDGJmRE.gz" />
      <file href="story_content/slides/5WwEXQpmVnk.swf" />
      <file href="mobile/slides/5WwEXQpmVnk.gz" />
      <file href="story_content/slides/5g5A4OGuT6m.swf" />
      <file href="mobile/slides/5g5A4OGuT6m.gz" />
      <file href="story_content/slides/5ccaBUU8ddE.swf" />
      <file href="mobile/slides/5ccaBUU8ddE.gz" />
      <file href="story_content/slides/6mXHu2Skuc9.swf" />
      <file href="mobile/slides/6mXHu2Skuc9.gz" />
      <file href="story_content/slides/5Z6z1JMQAql.swf" />
      <file href="mobile/slides/5Z6z1JMQAql.gz" />
      <file href="story_content/slides/6WvdKM0Mb8b.swf" />
      <file href="mobile/slides/6WvdKM0Mb8b.gz" />
      <file href="story_content/slides/6kfDQhIw5im.swf" />
      <file href="mobile/slides/6kfDQhIw5im.gz" />
      <file href="story_content/slides/6NRH1op0Cel.swf" />
      <file href="mobile/slides/6NRH1op0Cel.gz" />
      <file href="story_content/slides/6OpFRCM5Qtl.swf" />
      <file href="mobile/slides/6OpFRCM5Qtl.gz" />
      <file href="story_content/slides/68o37BZBQft.swf" />
      <file href="mobile/slides/68o37BZBQft.gz" />
      <file href="story_content/slides/6aqc9P7qqrV.swf" />
      <file href="mobile/slides/6aqc9P7qqrV.gz" />
      <file href="story_content/slides/66XcKvYYj1E.swf" />
      <file href="mobile/slides/66XcKvYYj1E.gz" />
      <file href="story_content/slides/6MT1T9avItg.swf" />
      <file href="mobile/slides/6MT1T9avItg.gz" />
      <file href="story_content/slides/6VtWSzGU54M.swf" />
      <file href="mobile/slides/6VtWSzGU54M.gz" />
      <file href="story_content/slides/5i4Acw46rc7.swf" />
      <file href="mobile/slides/5i4Acw46rc7.gz" />
      <file href="story_content/slides/65RD70xdZOa.swf" />
      <file href="mobile/slides/65RD70xdZOa.gz" />
      <file href="story_content/slides/6ciizYSEunz.swf" />
      <file href="mobile/slides/6ciizYSEunz.gz" />
      <file href="story_content/slides/6rnc2f25G1H.swf" />
      <file href="mobile/slides/6rnc2f25G1H.gz" />
      <file href="story_content/slides/6UXnvZ6upuB.swf" />
      <file href="mobile/slides/6UXnvZ6upuB.gz" />
      <file href="story_content/slides/5eDmAxGgDNm.swf" />
      <file href="mobile/slides/5eDmAxGgDNm.gz" />
      <file href="story_content/slides/5oCptHntJ0e.swf" />
      <file href="mobile/slides/5oCptHntJ0e.gz" />
      <file href="story_content/slides/6GoUDM9GUoi.swf" />
      <file href="mobile/slides/6GoUDM9GUoi.gz" />
      <file href="story_content/slides/6moUoJjXdqD.swf" />
      <file href="mobile/slides/6moUoJjXdqD.gz" />
      <file href="story_content/slides/5ho92r92imr.swf" />
      <file href="mobile/slides/5ho92r92imr.gz" />
      <file href="story_content/slides/6RF2sWgIDLg.swf" />
      <file href="mobile/slides/6RF2sWgIDLg.gz" />
      <file href="story_content/slides/6o7MWPG8qXc.swf" />
      <file href="mobile/slides/6o7MWPG8qXc.gz" />
      <file href="story_content/slides/60Eyx0KUGIN.swf" />
      <file href="mobile/slides/60Eyx0KUGIN.gz" />
      <file href="story_content/slides/65KFYVWXxo1.swf" />
      <file href="mobile/slides/65KFYVWXxo1.gz" />
      <file href="story_content/slides/6khK0QJtn0D.swf" />
      <file href="mobile/slides/6khK0QJtn0D.gz" />
      <file href="story_content/slides/6KWG0fvwe6i.swf" />
      <file href="mobile/slides/6KWG0fvwe6i.gz" />
      <file href="story_content/slides/6EuCSkRcMvS.swf" />
      <file href="mobile/slides/6EuCSkRcMvS.gz" />
      <file href="story_content/slides/6NusxBf9yB9.swf" />
      <file href="mobile/slides/6NusxBf9yB9.gz" />
      <file href="story_content/slides/6moQnO54xS2.swf" />
      <file href="mobile/slides/6moQnO54xS2.gz" />
      <file href="story_content/slides/5gsyK1Fw9fK.swf" />
      <file href="mobile/slides/5gsyK1Fw9fK.gz" />
      <file href="story_content/slides/60fNe7aCJWo.swf" />
      <file href="mobile/slides/60fNe7aCJWo.gz" />
      <file href="story_content/slides/5j54qesaJlY.swf" />
      <file href="mobile/slides/5j54qesaJlY.gz" />
      <file href="story_content/slides/6kbLtU5TSQF.swf" />
      <file href="mobile/slides/6kbLtU5TSQF.gz" />
      <file href="story_content/slides/6EQLOvGZzFJ.swf" />
      <file href="mobile/slides/6EQLOvGZzFJ.gz" />
      <file href="story_content/slides/676kDWojWFH.swf" />
      <file href="mobile/slides/676kDWojWFH.gz" />
      <file href="story_content/slides/5dDq58xXHjU.swf" />
      <file href="mobile/slides/5dDq58xXHjU.gz" />
      <file href="story_content/slides/6AeyxwCCV04.swf" />
      <file href="mobile/slides/6AeyxwCCV04.gz" />
      <file href="story_content/slides/6ZvXNsS3fqm.swf" />
      <file href="mobile/slides/6ZvXNsS3fqm.gz" />
      <file href="story_content/slides/6SkreUKmhNj.swf" />
      <file href="mobile/slides/6SkreUKmhNj.gz" />
      <file href="story_content/slides/5XsmqWubNlt.swf" />
      <file href="mobile/slides/5XsmqWubNlt.gz" />
      <file href="story_content/slides/6kFxdFbVW3w.swf" />
      <file href="mobile/slides/6kFxdFbVW3w.gz" />
      <file href="story_content/slides/6boqgIiRb1y.swf" />
      <file href="mobile/slides/6boqgIiRb1y.gz" />
      <file href="story_content/slides/5dzJFQsLkAU.swf" />
      <file href="mobile/slides/5dzJFQsLkAU.gz" />
      <file href="story_content/slides/6OimcEcSCfx.swf" />
      <file href="mobile/slides/6OimcEcSCfx.gz" />
      <file href="story_content/slides/6OQivhBsvU0.swf" />
      <file href="mobile/slides/6OQivhBsvU0.gz" />
      <file href="story_content/slides/6rT06aIX150.swf" />
      <file href="mobile/slides/6rT06aIX150.gz" />
      <file href="story_content/slides/62GflA32TY0.swf" />
      <file href="mobile/slides/62GflA32TY0.gz" />
      <file href="story_content/slides/60VAOadHOHF.swf" />
      <file href="mobile/slides/60VAOadHOHF.gz" />
      <file href="story_content/slides/6kCS9cafHnv.swf" />
      <file href="mobile/slides/6kCS9cafHnv.gz" />
      <file href="story_content/slides/5sJU5Cyjlhg.swf" />
      <file href="mobile/slides/5sJU5Cyjlhg.gz" />
      <file href="story_content/slides/5kM2ezvclty.swf" />
      <file href="mobile/slides/5kM2ezvclty.gz" />
      <file href="story_content/slides/5wqZODXfPnI.swf" />
      <file href="mobile/slides/5wqZODXfPnI.gz" />
      <file href="story_content/slides/5YxstYLGwuv.swf" />
      <file href="mobile/slides/5YxstYLGwuv.gz" />
      <file href="story_content/slides/6kuZBuIbDnw.swf" />
      <file href="mobile/slides/6kuZBuIbDnw.gz" />
      <file href="story_content/slides/5uM9tYB2Xtn.swf" />
      <file href="mobile/slides/5uM9tYB2Xtn.gz" />
      <file href="story_content/slides/6SucDWUrVCm.swf" />
      <file href="mobile/slides/6SucDWUrVCm.gz" />
      <file href="story_content/slides/6Eo9ICUYCeN.swf" />
      <file href="mobile/slides/6Eo9ICUYCeN.gz" />
      <file href="story_content/slides/5uEk1ZTMWMH.swf" />
      <file href="mobile/slides/5uEk1ZTMWMH.gz" />
      <file href="story_content/slides/6R5qNHhh2Kc.swf" />
      <file href="mobile/slides/6R5qNHhh2Kc.gz" />
      <file href="story_content/slides/6nkhBHQwbsr.swf" />
      <file href="mobile/slides/6nkhBHQwbsr.gz" />
      <file href="story_content/slides/5kmMsS5rsrY.swf" />
      <file href="mobile/slides/5kmMsS5rsrY.gz" />
      <file href="story_content/slides/6LjY86DLsVF.swf" />
      <file href="mobile/slides/6LjY86DLsVF.gz" />
      <file href="story_content/slides/689oljYGpgh.swf" />
      <file href="mobile/slides/689oljYGpgh.gz" />
      <file href="story_content/slides/5imJo31JcSy.swf" />
      <file href="mobile/slides/5imJo31JcSy.gz" />
      <file href="story_content/slides/5ZFoUYwb86A.swf" />
      <file href="mobile/slides/5ZFoUYwb86A.gz" />
      <file href="story_content/slides/5XwuX8PrW9t.swf" />
      <file href="mobile/slides/5XwuX8PrW9t.gz" />
      <file href="story_content/slides/68RrO5n7uwA.swf" />
      <file href="mobile/slides/68RrO5n7uwA.gz" />
      <file href="story_content/slides/6jy2UsSAEiy.swf" />
      <file href="mobile/slides/6jy2UsSAEiy.gz" />
      <file href="story_content/slides/5sGeGOLDlfe.swf" />
      <file href="mobile/slides/5sGeGOLDlfe.gz" />
      <file href="story_content/slides/5qyhYZy4Ot6.swf" />
      <file href="mobile/slides/5qyhYZy4Ot6.gz" />
      <file href="story_content/slides/6qpf1zQoo4m.swf" />
      <file href="mobile/slides/6qpf1zQoo4m.gz" />
      <file href="story_content/slides/6oSYvPPmfQ2.swf" />
      <file href="mobile/slides/6oSYvPPmfQ2.gz" />
      <file href="story_content/slides/5yAxZtcRVqi.swf" />
      <file href="mobile/slides/5yAxZtcRVqi.gz" />
      <file href="story_content/slides/5wcstDCt9ti.swf" />
      <file href="mobile/slides/5wcstDCt9ti.gz" />
      <file href="story_content/slides/6KkSFLpJ2ua.swf" />
      <file href="mobile/slides/6KkSFLpJ2ua.gz" />
      <file href="story_content/slides/5qS3N1c1yol.swf" />
      <file href="mobile/slides/5qS3N1c1yol.gz" />
      <file href="story_content/slides/6INi2wiPp4z.swf" />
      <file href="mobile/slides/6INi2wiPp4z.gz" />
      <file href="story_content/slides/5w5XDZf75oy.swf" />
      <file href="mobile/slides/5w5XDZf75oy.gz" />
      <file href="story_content/slides/5gwPFc7kuGh.swf" />
      <file href="mobile/slides/5gwPFc7kuGh.gz" />
      <file href="story_content/slides/6CbADJXydpK.swf" />
      <file href="mobile/slides/6CbADJXydpK.gz" />
      <file href="story_content/slides/6WW8f5d1SS3.swf" />
      <file href="mobile/slides/6WW8f5d1SS3.gz" />
      <file href="story_content/slides/5ijE0v2XMJs.swf" />
      <file href="mobile/slides/5ijE0v2XMJs.gz" />
      <file href="story_content/slides/6rMy9D2rqAl.swf" />
      <file href="mobile/slides/6rMy9D2rqAl.gz" />
      <file href="story_content/slides/6gRuchBKThO.swf" />
      <file href="mobile/slides/6gRuchBKThO.gz" />
      <file href="story_content/slides/68a6bI1nfsS.swf" />
      <file href="mobile/slides/68a6bI1nfsS.gz" />
      <file href="story_content/slides/5ZWACzoAcDK.swf" />
      <file href="mobile/slides/5ZWACzoAcDK.gz" />
      <file href="story_content/slides/6QYUDTAEXz9.swf" />
      <file href="mobile/slides/6QYUDTAEXz9.gz" />
      <file href="story_content/slides/64omgsSWXXg.swf" />
      <file href="mobile/slides/64omgsSWXXg.gz" />
      <file href="story_content/slides/5rZvR69mQjj.swf" />
      <file href="mobile/slides/5rZvR69mQjj.gz" />
      <file href="story_content/slides/5eZLN1W2rt2.swf" />
      <file href="mobile/slides/5eZLN1W2rt2.gz" />
      <file href="story_content/slides/6bxw2dMvSe8.swf" />
      <file href="mobile/slides/6bxw2dMvSe8.gz" />
      <file href="story_content/slides/6WihipKaRgi.swf" />
      <file href="mobile/slides/6WihipKaRgi.gz" />
      <file href="story_content/slides/6prXduEonLO.swf" />
      <file href="mobile/slides/6prXduEonLO.gz" />
      <file href="story_content/data.swf" />
      <file href="mobile/data.gz" />
      <file href="html5/data/css/output.min.css" />
      <file href="html5/data/js/5ccaBUU8ddE.js" />
      <file href="html5/data/js/5dDq58xXHjU.js" />
      <file href="html5/data/js/5dzJFQsLkAU.js" />
      <file href="html5/data/js/5eDmAxGgDNm.js" />
      <file href="html5/data/js/5eZLN1W2rt2.js" />
      <file href="html5/data/js/5fXao3dCrpF.js" />
      <file href="html5/data/js/5g5A4OGuT6m.js" />
      <file href="html5/data/js/5gjwPvwdPti.js" />
      <file href="html5/data/js/5gsyK1Fw9fK.js" />
      <file href="html5/data/js/5gwPFc7kuGh.js" />
      <file href="html5/data/js/5hDgKfQf6l9.js" />
      <file href="html5/data/js/5ho92r92imr.js" />
      <file href="html5/data/js/5i2fW0grU3W.js" />
      <file href="html5/data/js/5i4Acw46rc7.js" />
      <file href="html5/data/js/5ijE0v2XMJs.js" />
      <file href="html5/data/js/5imJo31JcSy.js" />
      <file href="html5/data/js/5j54qesaJlY.js" />
      <file href="html5/data/js/5jBq9cZS795.js" />
      <file href="html5/data/js/5jznOXcGw0B.js" />
      <file href="html5/data/js/5kM2ezvclty.js" />
      <file href="html5/data/js/5kmMsS5rsrY.js" />
      <file href="html5/data/js/5lB5eVmZrI4.js" />
      <file href="html5/data/js/5mVAHnTBTve.js" />
      <file href="html5/data/js/5n9Ot2UK2XZ.js" />
      <file href="html5/data/js/5o501qSM19r.js" />
      <file href="html5/data/js/5oCptHntJ0e.js" />
      <file href="html5/data/js/5pXxqWHQlvR.js" />
      <file href="html5/data/js/5qDI8kH9Ugi.js" />
      <file href="html5/data/js/5qS3N1c1yol.js" />
      <file href="html5/data/js/5qyhYZy4Ot6.js" />
      <file href="html5/data/js/5qZtc0BhaZc.js" />
      <file href="html5/data/js/5rZvR69mQjj.js" />
      <file href="html5/data/js/5sGeGOLDlfe.js" />
      <file href="html5/data/js/5sJU5Cyjlhg.js" />
      <file href="html5/data/js/5tyBrIznnn0.js" />
      <file href="html5/data/js/5uEk1ZTMWMH.js" />
      <file href="html5/data/js/5uM9tYB2Xtn.js" />
      <file href="html5/data/js/5uNA5x3OAxF.js" />
      <file href="html5/data/js/5VOlXnpDdwg.js" />
      <file href="html5/data/js/5VxtWGW0NpM.js" />
      <file href="html5/data/js/5w5XDZf75oy.js" />
      <file href="html5/data/js/5wcstDCt9ti.js" />
      <file href="html5/data/js/5wqZODXfPnI.js" />
      <file href="html5/data/js/5WwEXQpmVnk.js" />
      <file href="html5/data/js/5XS1x1gMHre.js" />
      <file href="html5/data/js/5XsmqWubNlt.js" />
      <file href="html5/data/js/5XwuX8PrW9t.js" />
      <file href="html5/data/js/5yAxZtcRVqi.js" />
      <file href="html5/data/js/5YdL0bUpn53.js" />
      <file href="html5/data/js/5YxstYLGwuv.js" />
      <file href="html5/data/js/5Z6z1JMQAql.js" />
      <file href="html5/data/js/5ZFoUYwb86A.js" />
      <file href="html5/data/js/5ZWACzoAcDK.js" />
      <file href="html5/data/js/5zWmJoocH3t.js" />
      <file href="html5/data/js/5ZZ2ckxccF6.js" />
      <file href="html5/data/js/60Eyx0KUGIN.js" />
      <file href="html5/data/js/60fNe7aCJWo.js" />
      <file href="html5/data/js/60VAOadHOHF.js" />
      <file href="html5/data/js/611kn2LGTnL.js" />
      <file href="html5/data/js/61drpjTu2w6.js" />
      <file href="html5/data/js/61tWfgcKfDA.js" />
      <file href="html5/data/js/626F4hedYnq.js" />
      <file href="html5/data/js/62GflA32TY0.js" />
      <file href="html5/data/js/63S9zWBAQgE.js" />
      <file href="html5/data/js/64omgsSWXXg.js" />
      <file href="html5/data/js/64srJzwagT1.js" />
      <file href="html5/data/js/65KFYVWXxo1.js" />
      <file href="html5/data/js/65RD70xdZOa.js" />
      <file href="html5/data/js/66XcKvYYj1E.js" />
      <file href="html5/data/js/676kDWojWFH.js" />
      <file href="html5/data/js/689oljYGpgh.js" />
      <file href="html5/data/js/68a6bI1nfsS.js" />
      <file href="html5/data/js/68K3fFVRBA3.js" />
      <file href="html5/data/js/68o37BZBQft.js" />
      <file href="html5/data/js/68RrO5n7uwA.js" />
      <file href="html5/data/js/6aA9lPKefXd.js" />
      <file href="html5/data/js/6aeFDPNyYNp.js" />
      <file href="html5/data/js/6AeyxwCCV04.js" />
      <file href="html5/data/js/6AhCuBddY26.js" />
      <file href="html5/data/js/6aqc9P7qqrV.js" />
      <file href="html5/data/js/6bF453Og0mn.js" />
      <file href="html5/data/js/6boqgIiRb1y.js" />
      <file href="html5/data/js/6bT0BJSWkVf.js" />
      <file href="html5/data/js/6bxw2dMvSe8.js" />
      <file href="html5/data/js/6CbADJXydpK.js" />
      <file href="html5/data/js/6CbwglbaQux.js" />
      <file href="html5/data/js/6ciizYSEunz.js" />
      <file href="html5/data/js/6Ed9seSNT2Q.js" />
      <file href="html5/data/js/6Eo9ICUYCeN.js" />
      <file href="html5/data/js/6EOyXsTAKWH.js" />
      <file href="html5/data/js/6EQLOvGZzFJ.js" />
      <file href="html5/data/js/6EuCSkRcMvS.js" />
      <file href="html5/data/js/6feTeS7lBOA.js" />
      <file href="html5/data/js/6fTyL7Yabt1.js" />
      <file href="html5/data/js/6fY6SEi5ZmC.js" />
      <file href="html5/data/js/6G4dTN8i9S7.js" />
      <file href="html5/data/js/6GevCfW3F7e.js" />
      <file href="html5/data/js/6GoUDM9GUoi.js" />
      <file href="html5/data/js/6GrAEFJnu7J.js" />
      <file href="html5/data/js/6gRuchBKThO.js" />
      <file href="html5/data/js/6hEyFmuWTCH.js" />
      <file href="html5/data/js/6hZziCaSfu3.js" />
      <file href="html5/data/js/6i9Z6cxyD0a.js" />
      <file href="html5/data/js/6IcIext9RJC.js" />
      <file href="html5/data/js/6INi2wiPp4z.js" />
      <file href="html5/data/js/6jy2UsSAEiy.js" />
      <file href="html5/data/js/6k8Oz4eb0k5.js" />
      <file href="html5/data/js/6kbLtU5TSQF.js" />
      <file href="html5/data/js/6kCS9cafHnv.js" />
      <file href="html5/data/js/6kEP12yelnD.js" />
      <file href="html5/data/js/6kfDQhIw5im.js" />
      <file href="html5/data/js/6kFxdFbVW3w.js" />
      <file href="html5/data/js/6khK0QJtn0D.js" />
      <file href="html5/data/js/6KkSFLpJ2ua.js" />
      <file href="html5/data/js/6kuZBuIbDnw.js" />
      <file href="html5/data/js/6KWG0fvwe6i.js" />
      <file href="html5/data/js/6l2Bdtjt8I5.js" />
      <file href="html5/data/js/6lcBR0AuPII.js" />
      <file href="html5/data/js/6LiC4Hx7Bme.js" />
      <file href="html5/data/js/6LjY86DLsVF.js" />
      <file href="html5/data/js/6LPrbDGJmRE.js" />
      <file href="html5/data/js/6MKMLA78uOr.js" />
      <file href="html5/data/js/6moQnO54xS2.js" />
      <file href="html5/data/js/6moUoJjXdqD.js" />
      <file href="html5/data/js/6MT1T9avItg.js" />
      <file href="html5/data/js/6mXHu2Skuc9.js" />
      <file href="html5/data/js/6N41G5NDwTB.js" />
      <file href="html5/data/js/6nkhBHQwbsr.js" />
      <file href="html5/data/js/6NRH1op0Cel.js" />
      <file href="html5/data/js/6NRWa3v1JkJ.js" />
      <file href="html5/data/js/6NusxBf9yB9.js" />
      <file href="html5/data/js/6o7MWPG8qXc.js" />
      <file href="html5/data/js/6oHRD9LIeXd.js" />
      <file href="html5/data/js/6OimcEcSCfx.js" />
      <file href="html5/data/js/6OpFRCM5Qtl.js" />
      <file href="html5/data/js/6OQivhBsvU0.js" />
      <file href="html5/data/js/6oSYvPPmfQ2.js" />
      <file href="html5/data/js/6oTJRUR6zUC.js" />
      <file href="html5/data/js/6PIGpvWC2AX.js" />
      <file href="html5/data/js/6prXduEonLO.js" />
      <file href="html5/data/js/6qpf1zQoo4m.js" />
      <file href="html5/data/js/6QYUDTAEXz9.js" />
      <file href="html5/data/js/6R5qNHhh2Kc.js" />
      <file href="html5/data/js/6RF2sWgIDLg.js" />
      <file href="html5/data/js/6rMy9D2rqAl.js" />
      <file href="html5/data/js/6rnc2f25G1H.js" />
      <file href="html5/data/js/6rT06aIX150.js" />
      <file href="html5/data/js/6SkreUKmhNj.js" />
      <file href="html5/data/js/6SRJ6gi2SCj.js" />
      <file href="html5/data/js/6SSJ2tRRbpv.js" />
      <file href="html5/data/js/6SucDWUrVCm.js" />
      <file href="html5/data/js/6UAr7xViI6U.js" />
      <file href="html5/data/js/6UXnvZ6upuB.js" />
      <file href="html5/data/js/6VtWSzGU54M.js" />
      <file href="html5/data/js/6W3oxO0hb0A.js" />
      <file href="html5/data/js/6WihipKaRgi.js" />
      <file href="html5/data/js/6WLdXh3XBez.js" />
      <file href="html5/data/js/6WvdKM0Mb8b.js" />
      <file href="html5/data/js/6WW8f5d1SS3.js" />
      <file href="html5/data/js/6Y4WLJzk1jk.js" />
      <file href="html5/data/js/6YM7r2Roojq.js" />
      <file href="html5/data/js/6ZvXNsS3fqm.js" />
      <file href="html5/data/js/data.js" />
      <file href="html5/data/js/frame.js" />
      <file href="html5/data/js/paths.js" />
      <file href="html5/lib/scripts/bootstrapper.min.js" />
      <file href="html5/lib/scripts/frame.desktop.min.js" />
      <file href="html5/lib/scripts/frame.mobile.min.js" />
      <file href="html5/lib/scripts/slides.min.js" />
      <file href="html5/lib/stylesheets/desktop.min.css" />
      <file href="html5/lib/stylesheets/mobile.min.css" />
      <file href="html5/lib/stylesheets/mobile-fonts/open-sans-bold.woff" />
      <file href="html5/lib/stylesheets/mobile-fonts/open-sans-light.woff" />
      <file href="html5/lib/stylesheets/mobile-fonts/open-sans-regular.woff" />
      <file href="analytics-frame.html" />
      <file href="story.html" />
      <file href="story_html5.html" />
      <file href="story_flash.html" />
      <file href="story_content/story.js" />
      <file href="story_content/blank.html" />
      <file href="amplaunch.html" />
      <file href="mobile/mobileinstall.html" />
      <file href="index_lms.html" />
      <file href="index_lms_flash.html" />
      <file href="index_lms_html5.html" />
      <file href="lms/AICCComm.html" />
      <file href="lms/AICCFunctions.js" />
      <file href="lms/API.js" />
      <file href="lms/APIConstants.js" />
      <file href="lms/blank.html" />
      <file href="lms/browsersniff.js" />
      <file href="lms/Configuration.js" />
      <file href="lms/goodbye.html" />
      <file href="lms/lms.js" />
      <file href="lms/LMSAPI.js" />
      <file href="lms/NONEFunctions.js" />
      <file href="lms/SCORM2004Functions.js" />
      <file href="lms/scormdriver.js" />
      <file href="lms/SCORMFunctions.js" />
      <file href="lms/UtilityFunctions.js" />
    </resource>
  </resources>
</manifest>