<?xml version="1.0" encoding="utf-8"?>
<bwFrame xmlns:xsi="http://www.w3.org/2001/XMLSchema-instance" xmlns:xsd="http://www.w3.org/2001/XMLSchema" default_layout="pxabnsnfns10110100101" textdirection="ltr" textengine="Uniscribe" device="false" fontscale="100" captionFontScale="100" kbshortcuts="false" skip_nav_enabled="true" chromeless="false" outputtype="undefined" theme="classic">
  <layouts>
    <layout name="npnxnanbsnfns10110100101" font="Open Sans" controllayout="npnxnanbsnfns10110100101" colorscheme="pxabnsnfns10110100101" string_table="pxabnsnfns10110100101" />
    <layout name="pxabnsnfns10110100101" font="Open Sans" controllayout="pxabnsnfns10110100101" colorscheme="pxabnsnfns10110100101" string_table="pxabnsnfns10110100101" />
    <layout name="npxnabnsnfns10110100101" font="Open Sans" controllayout="npxnabnsnfns10110100101" colorscheme="pxabnsnfns10110100101" string_table="pxabnsnfns10110100101" />
    <layout name="npnxnanbnsnfns10110100101" font="Open Sans" controllayout="npnxnanbnsnfns10110100101" colorscheme="pxabnsnfns10110100101" string_table="pxabnsnfns10110100101" />
    <layout name="pxabnsnfns10110100100" font="Open Sans" controllayout="pxabnsnfns10110100100" colorscheme="pxabnsnfns10110100101" string_table="pxabnsnfns10110100101" />
  </layouts>
  <control_options>
    <optiongroups>
      <optiongroup name="sidebaroptions">
        <options>
          <option name="title_enabled" value="true">
            <options>
              <option name="title_text" value="BET Testing and Validation" />
            </options>
          </option>
          <option name="logo_enabled" value="false">
            <options />
          </option>
          <option name="sidebar_enabled" value="false">
            <options>
              <option name="sidebarpos" value="left" />
            </options>
          </option>
          <optionlist name="tabs">
            <listitems>
              <listitem name="resources" value="true" group="linkright" />
              <listitem name="outline" value="false" group="sidebar" />
              <listitem name="glossary" value="false" group="sidebar" />
              <listitem name="transcript" value="false" group="sidebar" />
            </listitems>
          </optionlist>
          <option name="time_enabled" value="false">
            <options>
              <option name="time_format" value="elapsed" />
            </options>
          </option>
          <option name="video_enabled" value="false">
            <options>
              <option name="height" value="135" />
            </options>
          </option>
          <option name="logoAltText" />
        </options>
      </optiongroup>
      <optiongroup name="menuoptions">
        <options>
          <option name="flow" value="free" />
          <option name="wraplistitems" value="false" />
          <option name="tooltips" value="true" />
          <option name="autocollapse" value="true" />
          <option name="autonumber" value="true" />
          <option name="enableresultsicons" value="true" />
        </options>
      </optiongroup>
      <optiongroup name="controls">
        <options>
          <option name="volume" value="true" />
          <option name="seekbar" value="true">
            <options>
              <option name="readonly" value="false" />
              <option name="readonlyOnce" value="false" />
            </options>
          </option>
          <option name="search" value="false" />
          <option name="pauseplay" value="true" />
          <option name="replay" value="true" />
          <option name="closed_captions" value="false">
            <options>
              <option name="font" value="Book Antiqua" />
            </options>
          </option>
          <option name="settings" value="false" />
        </options>
      </optiongroup>
      <optiongroup name="bottombaroptions">
        <options>
          <option name="bottombar_enabled" value="true" />
        </options>
      </optiongroup>
    </optiongroups>
  </control_options>
  <control_layouts>
    <control_layout name="npnxnanbsnfns10110100101">
      <control name="volume" enabled="true" />
      <control name="seekbar" enabled="true" />
      <control name="replay" enabled="true" />
      <control name="pauseplay" enabled="true" />
      <control name="logo" enabled="false" />
      <control name="previous" enabled="false" />
      <control name="next" enabled="false" />
      <control name="swipeleft" enabled="false" />
      <control name="swiperight" enabled="false" />
      <control name="submit" enabled="true" />
      <control name="finish" enabled="false" />
      <control name="submitall" enabled="false" />
      <control name="resources" enabled="true" />
      <control name="glossary" enabled="false" />
      <control name="transcript" enabled="false" />
      <control name="outline" enabled="false">
        <controls>
          <control name="search" enabled="false" />
        </controls>
      </control>
      <control name="close_btn" enabled="true" />
    </control_layout>
    <control_layout name="pxabnsnfns10110100101">
      <control name="volume" enabled="true" />
      <control name="seekbar" enabled="true" />
      <control name="replay" enabled="true" />
      <control name="pauseplay" enabled="true" />
      <control name="logo" enabled="false" />
      <control name="previous" enabled="true" />
      <control name="next" enabled="true" />
      <control name="swipeleft" enabled="true" />
      <control name="swiperight" enabled="true" />
      <control name="submit" enabled="false" />
      <control name="finish" enabled="false" />
      <control name="submitall" enabled="false" />
      <control name="resources" enabled="true" />
      <control name="glossary" enabled="false" />
      <control name="transcript" enabled="false" />
      <control name="outline" enabled="false">
        <controls>
          <control name="search" enabled="false" />
        </controls>
      </control>
      <control name="close_btn" enabled="true" />
    </control_layout>
    <control_layout name="npxnabnsnfns10110100101">
      <control name="volume" enabled="true" />
      <control name="seekbar" enabled="true" />
      <control name="replay" enabled="true" />
      <control name="pauseplay" enabled="true" />
      <control name="logo" enabled="false" />
      <control name="previous" enabled="false" />
      <control name="next" enabled="true" />
      <control name="swipeleft" enabled="false" />
      <control name="swiperight" enabled="true" />
      <control name="submit" enabled="false" />
      <control name="finish" enabled="false" />
      <control name="submitall" enabled="false" />
      <control name="resources" enabled="true" />
      <control name="glossary" enabled="false" />
      <control name="transcript" enabled="false" />
      <control name="outline" enabled="false">
        <controls>
          <control name="search" enabled="false" />
        </controls>
      </control>
      <control name="close_btn" enabled="true" />
    </control_layout>
    <control_layout name="npnxnanbnsnfns10110100101">
      <control name="volume" enabled="true" />
      <control name="seekbar" enabled="true" />
      <control name="replay" enabled="true" />
      <control name="pauseplay" enabled="true" />
      <control name="logo" enabled="false" />
      <control name="previous" enabled="false" />
      <control name="next" enabled="false" />
      <control name="swipeleft" enabled="false" />
      <control name="swiperight" enabled="false" />
      <control name="submit" enabled="false" />
      <control name="finish" enabled="false" />
      <control name="submitall" enabled="false" />
      <control name="resources" enabled="true" />
      <control name="glossary" enabled="false" />
      <control name="transcript" enabled="false" />
      <control name="outline" enabled="false">
        <controls>
          <control name="search" enabled="false" />
        </controls>
      </control>
      <control name="close_btn" enabled="true" />
    </control_layout>
    <control_layout name="pxabnsnfns10110100100">
      <control name="volume" enabled="true" />
      <control name="seekbar" enabled="true" />
      <control name="replay" enabled="true" />
      <control name="pauseplay" enabled="true" />
      <control name="logo" enabled="false" />
      <control name="previous" enabled="true" />
      <control name="next" enabled="true" />
      <control name="swipeleft" enabled="true" />
      <control name="swiperight" enabled="true" />
      <control name="submit" enabled="false" />
      <control name="finish" enabled="false" />
      <control name="submitall" enabled="false" />
      <control name="resources" enabled="true" />
      <control name="glossary" enabled="false" />
      <control name="transcript" enabled="false" />
      <control name="outline" enabled="false">
        <controls>
          <control name="search" enabled="false" />
        </controls>
      </control>
      <control name="close_btn" enabled="false" />
    </control_layout>
  </control_layouts>
  <colorschemes>
    <colorscheme name="pxabnsnfns10110100101">
      <color_group name="accessibility">
        <group_colors>
          <color name="focus_rect">
            <fill type="linear" rotation="90">
              <colors>
                <color rgb="0xFFFF00" alpha="100" stop="0" />
              </colors>
            </fill>
          </color>
        </group_colors>
      </color_group>
      <color_group name="infopanel">
        <group_colors>
          <color name="link_text">
            <fill type="linear" rotation="90">
              <colors>
                <color rgb="0x7C2280" alpha="100" stop="0" />
              </colors>
            </fill>
          </color>
          <color name="link_hover">
            <fill type="linear" rotation="90">
              <colors>
                <color rgb="0x0000EE" alpha="100" stop="0" />
              </colors>
            </fill>
          </color>
          <color name="shadow">
            <fill type="linear" rotation="90">
              <colors>
                <color rgb="0x232531" alpha="100" stop="0" />
              </colors>
            </fill>
          </color>
          <color name="bg">
            <fill type="linear" rotation="90">
              <colors>
                <color rgb="0xFFFFFF" alpha="100" stop="0" />
              </colors>
            </fill>
          </color>
          <color name="name_text">
            <fill type="linear" rotation="90">
              <colors>
                <color rgb="0x444444" alpha="100" stop="0" />
              </colors>
            </fill>
          </color>
          <color name="title_text">
            <fill type="linear" rotation="90">
              <colors>
                <color rgb="0x999999" alpha="100" stop="0" />
              </colors>
            </fill>
          </color>
        </group_colors>
      </color_group>
      <color_group name="infopanelpopup">
        <group_colors>
          <color name="link_text">
            <fill type="linear" rotation="90">
              <colors>
                <color rgb="0xFFFFFF" alpha="100" stop="0" />
              </colors>
            </fill>
          </color>
          <color name="link_hover">
            <fill type="linear" rotation="90">
              <colors>
                <color rgb="0x838CA8" alpha="100" stop="0" />
              </colors>
            </fill>
          </color>
          <color name="bg">
            <fill type="linear" rotation="90">
              <colors>
                <color rgb="0x414555" alpha="100" stop="0" />
                <color rgb="0x2E3139" alpha="100" stop="255" />
              </colors>
            </fill>
          </color>
          <color name="shadow">
            <fill type="linear" rotation="90">
              <colors>
                <color rgb="0xB8B8B8" alpha="100" stop="0" />
              </colors>
            </fill>
          </color>
          <color name="name_text">
            <fill type="linear" rotation="90">
              <colors>
                <color rgb="0xFFFFFF" alpha="100" stop="0" />
              </colors>
            </fill>
          </color>
          <color name="bio_text">
            <fill type="linear" rotation="90">
              <colors>
                <color rgb="0xFFFFFF" alpha="100" stop="0" />
              </colors>
            </fill>
          </color>
        </group_colors>
      </color_group>
      <color_group name="timer">
        <group_colors>
          <color name="duration">
            <fill type="linear" rotation="90">
              <colors>
                <color rgb="0x00D7FF" alpha="100" stop="0" />
                <color rgb="0x00ABFF" alpha="100" stop="255" />
              </colors>
            </fill>
          </color>
          <color name="elapsed">
            <fill type="linear" rotation="90">
              <colors>
                <color rgb="0xFEE347" alpha="100" stop="0" />
                <color rgb="0xFCCC2A" alpha="100" stop="255" />
              </colors>
            </fill>
          </color>
          <color name="stroke">
            <fill type="linear" rotation="90">
              <colors>
                <color rgb="0xC7C7C7" alpha="100" stop="0" />
              </colors>
            </fill>
          </color>
          <color name="inner">
            <fill type="linear" rotation="90">
              <colors>
                <color rgb="0xFFFFFF" alpha="100" stop="0" />
              </colors>
            </fill>
          </color>
          <color name="text">
            <fill type="linear" rotation="90">
              <colors>
                <color rgb="0xFFFFFF" alpha="100" stop="0" />
              </colors>
            </fill>
          </color>
        </group_colors>
      </color_group>
      <color_group name="window">
        <group_colors>
          <color name="text">
            <fill type="linear" rotation="90">
              <colors>
                <color rgb="0xFFFFFF" alpha="100" stop="0" />
              </colors>
            </fill>
          </color>
          <color name="inner">
            <fill type="linear" rotation="90">
              <colors>
                <color rgb="0x414555" alpha="100" stop="0" />
                <color rgb="0x2E3139" alpha="100" stop="255" />
              </colors>
            </fill>
          </color>
          <color name="bg">
            <fill type="linear" rotation="90">
              <colors>
                <color rgb="0x4F5669" alpha="100" stop="0" />
              </colors>
            </fill>
          </color>
          <color name="diva">
            <fill type="linear" rotation="90">
              <colors>
                <color rgb="0x4A4E60" alpha="100" stop="0" />
              </colors>
            </fill>
          </color>
          <color name="divb">
            <fill type="linear" rotation="90">
              <colors>
                <color rgb="0x2B2F3C" alpha="100" stop="0" />
              </colors>
            </fill>
          </color>
          <color name="shadow">
            <fill type="linear" rotation="90">
              <colors>
                <color rgb="0x000000" alpha="20" stop="0" />
              </colors>
            </fill>
          </color>
        </group_colors>
      </color_group>
      <color_group name="editor">
        <group_colors>
          <color name="slide_text">
            <fill type="linear" rotation="90">
              <colors>
                <color rgb="0xFFFFFF" alpha="100" stop="0" />
              </colors>
            </fill>
          </color>
          <color name="html_text">
            <fill type="linear" rotation="90">
              <colors>
                <color rgb="0xFFFFFF" alpha="100" stop="0" />
              </colors>
            </fill>
          </color>
          <color name="btn_text_shadow">
            <fill type="linear" rotation="90">
              <colors>
                <color rgb="0x232531" alpha="100" stop="0" />
              </colors>
            </fill>
          </color>
          <color name="btn_text">
            <fill type="linear" rotation="90">
              <colors>
                <color rgb="0xFFFFFF" alpha="100" stop="0" />
              </colors>
            </fill>
          </color>
          <color name="btn_border">
            <fill type="linear" rotation="90">
              <colors>
                <color rgb="0x232531" alpha="100" stop="0" />
              </colors>
            </fill>
          </color>
          <color name="btn_hover">
            <fill type="linear" rotation="90">
              <colors>
                <color rgb="0x56596D" alpha="100" stop="0" />
                <color rgb="0x2A2C37" alpha="100" stop="255" />
              </colors>
            </fill>
          </color>
          <color name="btn_down">
            <fill type="linear" rotation="90">
              <colors>
                <color rgb="0x2A2C37" alpha="100" stop="0" />
                <color rgb="0x56596D" alpha="100" stop="255" />
              </colors>
            </fill>
          </color>
          <color name="btn_bg">
            <fill type="linear" rotation="90">
              <colors>
                <color rgb="0x484B5B" alpha="100" stop="0" />
                <color rgb="0x313441" alpha="100" stop="255" />
              </colors>
            </fill>
          </color>
        </group_colors>
      </color_group>
      <color_group name="listitem">
        <group_colors>
          <color name="selected_text">
            <fill type="linear" rotation="90">
              <colors>
                <color rgb="0xFFFFFF" alpha="100" stop="0" />
              </colors>
            </fill>
          </color>
          <color name="shadow">
            <fill type="linear" rotation="90">
              <colors>
                <color rgb="0x232531" alpha="100" stop="0" />
              </colors>
            </fill>
          </color>
          <color name="selected">
            <fill type="linear" rotation="90">
              <colors>
                <color rgb="0x676E8B" alpha="100" stop="0" />
              </colors>
            </fill>
          </color>
          <color name="text">
            <fill type="linear" rotation="90">
              <colors>
                <color rgb="0xFFFFFF" alpha="100" stop="0" />
              </colors>
            </fill>
          </color>
          <color name="viewed">
            <fill type="linear" rotation="90">
              <colors>
                <color rgb="0x838CA8" alpha="100" stop="0" />
              </colors>
            </fill>
          </color>
          <color name="hover">
            <fill type="linear" rotation="90">
              <colors>
                <color rgb="0x515669" alpha="100" stop="0" />
              </colors>
            </fill>
          </color>
          <color name="lines">
            <fill type="linear" rotation="90">
              <colors>
                <color rgb="0x373B47" alpha="100" stop="0" />
              </colors>
            </fill>
          </color>
        </group_colors>
      </color_group>
      <color_group name="glossary">
        <group_colors>
          <color name="selected_text">
            <fill type="linear" rotation="90">
              <colors>
                <color rgb="0xFFFFFF" alpha="100" stop="0" />
              </colors>
            </fill>
          </color>
          <color name="selected">
            <fill type="linear" rotation="90">
              <colors>
                <color rgb="0x676E8B" alpha="100" stop="0" />
              </colors>
            </fill>
          </color>
          <color name="text">
            <fill type="linear" rotation="90">
              <colors>
                <color rgb="0xFFFFFF" alpha="100" stop="0" />
              </colors>
            </fill>
          </color>
          <color name="hover">
            <fill type="linear" rotation="90">
              <colors>
                <color rgb="0x515669" alpha="100" stop="0" />
              </colors>
            </fill>
          </color>
          <color name="heading_text">
            <fill type="linear" rotation="90">
              <colors>
                <color rgb="0xFFFFFF" alpha="100" stop="0" />
              </colors>
            </fill>
          </color>
          <color name="diva">
            <fill type="linear" rotation="90">
              <colors>
                <color rgb="0x404656" alpha="100" stop="0" />
              </colors>
            </fill>
          </color>
          <color name="divb">
            <fill type="linear" rotation="90">
              <colors>
                <color rgb="0x404656" alpha="100" stop="0" />
              </colors>
            </fill>
          </color>
          <color name="divc">
            <fill type="linear" rotation="90">
              <colors>
                <color rgb="0x636979" alpha="100" stop="0" />
              </colors>
            </fill>
          </color>
          <color name="bg">
            <fill type="linear" rotation="90">
              <colors>
                <color rgb="0x5E6578" alpha="100" stop="0" />
              </colors>
            </fill>
          </color>
        </group_colors>
      </color_group>
      <color_group name="resource">
        <group_colors>
          <color name="separator">
            <fill type="linear" rotation="90">
              <colors>
                <color rgb="0x373B47" alpha="100" stop="0" />
              </colors>
            </fill>
          </color>
        </group_colors>
      </color_group>
      <color_group name="outline">
        <group_colors>
          <color name="search_hover">
            <fill type="linear" rotation="90">
              <colors>
                <color rgb="0x838CA8" alpha="100" stop="0" />
              </colors>
            </fill>
          </color>
          <color name="search_text">
            <fill type="linear" rotation="90">
              <colors>
                <color rgb="0xFFFFFF" alpha="100" stop="0" />
              </colors>
            </fill>
          </color>
          <color name="divc">
            <fill type="linear" rotation="90">
              <colors>
                <color rgb="0x2F323C" alpha="100" stop="0" />
              </colors>
            </fill>
          </color>
          <color name="divb">
            <fill type="linear" rotation="90">
              <colors>
                <color rgb="0x525666" alpha="100" stop="0" />
              </colors>
            </fill>
          </color>
          <color name="diva">
            <fill type="linear" rotation="90">
              <colors>
                <color rgb="0x2F323C" alpha="100" stop="0" />
              </colors>
            </fill>
          </color>
        </group_colors>
      </color_group>
      <color_group name="transcript">
        <group_colors>
          <color name="heading_text">
            <fill type="linear" rotation="90">
              <colors>
                <color rgb="0xFFFFFF" alpha="100" stop="0" />
              </colors>
            </fill>
          </color>
          <color name="div">
            <fill type="linear" rotation="90">
              <colors>
                <color rgb="0x373B47" alpha="100" stop="0" />
              </colors>
            </fill>
          </color>
        </group_colors>
      </color_group>
      <color_group name="tabs">
        <group_colors>
          <color name="shadow">
            <fill type="linear" rotation="90">
              <colors>
                <color rgb="0x232531" alpha="100" stop="0" />
              </colors>
            </fill>
          </color>
          <color name="hover">
            <fill type="linear" rotation="90">
              <colors>
                <color rgb="0xFFFFFF" alpha="100" stop="0" />
              </colors>
            </fill>
          </color>
          <color name="selected">
            <fill type="linear" rotation="90">
              <colors>
                <color rgb="0xFFFFFF" alpha="100" stop="0" />
              </colors>
            </fill>
          </color>
          <color name="text">
            <fill type="linear" rotation="90">
              <colors>
                <color rgb="0x838CA8" alpha="100" stop="0" />
              </colors>
            </fill>
          </color>
          <color name="bg">
            <fill type="linear" rotation="90">
              <colors>
                <color rgb="0x474D5E" alpha="100" stop="0" />
              </colors>
            </fill>
          </color>
        </group_colors>
      </color_group>
      <color_group name="seekcontrol">
        <group_colors>
          <color name="btn_icon_hover">
            <fill type="linear" rotation="90">
              <colors>
                <color rgb="0xFFFFFF" alpha="100" stop="0" />
              </colors>
            </fill>
          </color>
          <color name="btn_icon_shadow">
            <fill type="linear" rotation="90">
              <colors>
                <color rgb="0x377CB6" alpha="100" stop="0" />
              </colors>
            </fill>
          </color>
          <color name="btn_icon_color">
            <fill type="linear" rotation="90">
              <colors>
                <color rgb="0xFFFFFF" alpha="100" stop="0" />
              </colors>
            </fill>
          </color>
          <color name="seek_position">
            <fill type="linear" rotation="90">
              <colors>
                <color rgb="0xFFFFFF" alpha="100" stop="0" />
              </colors>
            </fill>
          </color>
          <color name="seek_bg">
            <fill type="linear" rotation="90">
              <colors>
                <color rgb="0x343744" alpha="100" stop="0" />
              </colors>
            </fill>
          </color>
          <color name="seek_border">
            <fill type="linear" rotation="90">
              <colors>
                <color rgb="0x272A36" alpha="100" stop="0" />
                <color rgb="0x474C57" alpha="100" stop="255" />
              </colors>
            </fill>
          </color>
          <color name="border">
            <fill type="linear" rotation="90">
              <colors>
                <color rgb="0x232531" alpha="100" stop="0" />
              </colors>
            </fill>
          </color>
          <color name="bg">
            <fill type="linear" rotation="90">
              <colors>
                <color rgb="0x484B5B" alpha="100" stop="0" />
                <color rgb="0x323542" alpha="100" stop="255" />
              </colors>
            </fill>
          </color>
        </group_colors>
      </color_group>
      <color_group name="searchinput">
        <group_colors>
          <color name="text_active">
            <fill type="linear" rotation="90">
              <colors>
                <color rgb="0x2D2D2D" alpha="100" stop="0" />
              </colors>
            </fill>
          </color>
          <color name="bg_active">
            <fill type="linear" rotation="90">
              <colors>
                <color rgb="0xFFFFFF" alpha="100" stop="0" />
              </colors>
            </fill>
          </color>
          <color name="search_text">
            <fill type="linear" rotation="90">
              <colors>
                <color rgb="0x2D2D2D" alpha="100" stop="0" />
              </colors>
            </fill>
          </color>
          <color name="hover_glow">
            <fill type="linear" rotation="90">
              <colors>
                <color rgb="0xEB9471" alpha="0" stop="0" />
              </colors>
            </fill>
          </color>
          <color name="button_hover">
            <fill type="linear" rotation="90">
              <colors>
                <color rgb="0x484B5B" alpha="100" stop="0" />
                <color rgb="0x313441" alpha="100" stop="255" />
              </colors>
            </fill>
          </color>
          <color name="icon">
            <fill type="linear" rotation="90">
              <colors>
                <color rgb="0xFFFFFF" alpha="100" stop="0" />
              </colors>
            </fill>
          </color>
          <color name="border">
            <fill type="linear" rotation="90">
              <colors>
                <color rgb="0x434758" alpha="100" stop="0" />
                <color rgb="0x232531" alpha="100" stop="255" />
              </colors>
            </fill>
          </color>
          <color name="bg">
            <fill type="linear" rotation="90">
              <colors>
                <color rgb="0xFFFFFF" alpha="100" stop="0" />
              </colors>
            </fill>
          </color>
        </group_colors>
      </color_group>
      <color_group name="scrollarea">
        <group_colors>
          <color name="detailb">
            <fill type="linear" rotation="90">
              <colors>
                <color rgb="0x232531" alpha="100" stop="0" />
              </colors>
            </fill>
          </color>
          <color name="detaila">
            <fill type="linear" rotation="90">
              <colors>
                <color rgb="0x5B6076" alpha="100" stop="0" />
              </colors>
            </fill>
          </color>
          <color name="shadow">
            <fill type="linear" rotation="90">
              <colors>
                <color rgb="0x232531" alpha="100" stop="0" />
              </colors>
            </fill>
          </color>
          <color name="icons">
            <fill type="linear" rotation="90">
              <colors>
                <color rgb="0xFFFFFF" alpha="100" stop="0" />
              </colors>
            </fill>
          </color>
          <color name="button_border">
            <fill type="linear" rotation="90">
              <colors>
                <color rgb="0x303341" alpha="100" stop="0" />
              </colors>
            </fill>
          </color>
          <color name="button_inner">
            <fill type="linear" rotation="90">
              <colors>
                <color rgb="0x585D6E" alpha="100" stop="0" />
                <color rgb="0x494D5A" alpha="100" stop="255" />
              </colors>
            </fill>
          </color>
          <color name="button_bg">
            <fill type="linear" rotation="90">
              <colors>
                <color rgb="0x474C5E" alpha="100" stop="0" />
                <color rgb="0x3A3E4D" alpha="100" stop="255" />
              </colors>
            </fill>
          </color>
          <color name="border">
            <fill type="linear" rotation="90">
              <colors>
                <color rgb="0x565C72" alpha="100" stop="0" />
              </colors>
            </fill>
          </color>
          <color name="bg">
            <fill type="linear" rotation="0">
              <colors>
                <color rgb="0x444859" alpha="100" stop="0" />
                <color rgb="0x4B5062" alpha="100" stop="128" />
              </colors>
            </fill>
          </color>
        </group_colors>
      </color_group>
      <color_group name="menu">
        <group_colors>
          <color name="shadow">
            <fill type="linear" rotation="90">
              <colors>
                <color rgb="0x2F323B" alpha="100" stop="0" />
              </colors>
            </fill>
          </color>
          <color name="bg">
            <fill type="linear" rotation="90">
              <colors>
                <color rgb="0x474D5E" alpha="100" stop="0" />
              </colors>
            </fill>
          </color>
        </group_colors>
      </color_group>
      <color_group name="logo">
        <group_colors>
          <color name="shadow">
            <fill type="linear" rotation="90">
              <colors>
                <color rgb="0x232531" alpha="100" stop="0" />
              </colors>
            </fill>
          </color>
          <color name="bg">
            <fill type="linear" rotation="90">
              <colors>
                <color rgb="0xFFFFFF" alpha="100" stop="0" />
              </colors>
            </fill>
          </color>
        </group_colors>
      </color_group>
      <color_group name="checkbox">
        <group_colors>
          <color name="hover">
            <fill type="linear" rotation="90">
              <colors>
                <color rgb="0x838CA8" alpha="100" stop="0" />
              </colors>
            </fill>
          </color>
          <color name="text">
            <fill type="linear" rotation="90">
              <colors>
                <color rgb="0xFFFFFF" alpha="100" stop="0" />
              </colors>
            </fill>
          </color>
          <color name="check">
            <fill type="linear" rotation="90">
              <colors>
                <color rgb="0x2BC400" alpha="100" stop="0" />
              </colors>
            </fill>
          </color>
          <color name="bg">
            <fill type="linear" rotation="90">
              <colors>
                <color rgb="0xFFFFFF" alpha="100" stop="0" />
              </colors>
            </fill>
          </color>
          <color name="border">
            <fill type="linear" rotation="90">
              <colors>
                <color rgb="0x2F323C" alpha="100" stop="0" />
              </colors>
            </fill>
          </color>
        </group_colors>
      </color_group>
      <color_group name="button">
        <group_colors>
          <color name="btn_icon_color">
            <fill type="linear" rotation="90">
              <colors>
                <color rgb="0xFFFFFF" alpha="100" stop="0" />
              </colors>
            </fill>
          </color>
          <color name="btn_text_shadow">
            <fill type="linear" rotation="90">
              <colors>
                <color rgb="0x232531" alpha="100" stop="0" />
              </colors>
            </fill>
          </color>
          <color name="btn_text">
            <fill type="linear" rotation="90">
              <colors>
                <color rgb="0xFFFFFF" alpha="100" stop="0" />
              </colors>
            </fill>
          </color>
          <color name="btn_border">
            <fill type="linear" rotation="90">
              <colors>
                <color rgb="0x232531" alpha="100" stop="0" />
              </colors>
            </fill>
          </color>
          <color name="btn_hover">
            <fill type="linear" rotation="90">
              <colors>
                <color rgb="0x56596D" alpha="100" stop="0" />
                <color rgb="0x2A2C37" alpha="100" stop="255" />
              </colors>
            </fill>
          </color>
          <color name="btn_down">
            <fill type="linear" rotation="90">
              <colors>
                <color rgb="0x2A2C37" alpha="100" stop="0" />
                <color rgb="0x56596D" alpha="100" stop="255" />
              </colors>
            </fill>
          </color>
          <color name="btn_bg">
            <fill type="linear" rotation="90">
              <colors>
                <color rgb="0x484B5B" alpha="100" stop="0" />
                <color rgb="0x313441" alpha="100" stop="255" />
              </colors>
            </fill>
          </color>
          <color name="btn_glow">
            <fill type="linear" rotation="90">
              <colors>
                <color rgb="0x42454C" alpha="100" stop="0" />
              </colors>
            </fill>
          </color>
        </group_colors>
      </color_group>
      <color_group name="base">
        <group_colors>
          <color name="text">
            <fill type="linear" rotation="90">
              <colors>
                <color rgb="0xFFFFFF" alpha="100" stop="0" />
              </colors>
            </fill>
          </color>
          <color name="diva">
            <fill type="linear" rotation="90">
              <colors>
                <color rgb="0x2B2F3C" alpha="100" stop="0" />
              </colors>
            </fill>
          </color>
          <color name="divb">
            <fill type="linear" rotation="90">
              <colors>
                <color rgb="0x4A4E60" alpha="100" stop="0" />
              </colors>
            </fill>
          </color>
          <color name="menu_shade">
            <fill type="linear" rotation="90">
              <colors>
                <color rgb="0x3D4150" alpha="100" stop="0" />
                <color rgb="0x2B2E36" alpha="100" stop="255" />
              </colors>
            </fill>
          </color>
          <color name="border">
            <fill type="linear" rotation="90">
              <colors>
                <color rgb="0x4D5365" alpha="100" stop="0" />
                <color rgb="0x4D5365" alpha="100" stop="255" />
              </colors>
            </fill>
          </color>
          <color name="bg">
            <fill type="linear" rotation="90">
              <colors>
                <color rgb="0x414555" alpha="100" stop="0" />
                <color rgb="0x2E3139" alpha="100" stop="255" />
              </colors>
            </fill>
          </color>
          <color name="slide_bg">
            <fill type="linear" rotation="90">
              <colors>
                <color rgb="0x414555" alpha="100" stop="0" />
                <color rgb="0x2E3139" alpha="100" stop="255" />
              </colors>
            </fill>
          </color>
        </group_colors>
      </color_group>
      <color_group name="volume">
        <group_colors>
          <color name="thumb_border">
            <fill type="linear" rotation="90">
              <colors>
                <color rgb="0x303341" alpha="100" stop="0" />
              </colors>
            </fill>
          </color>
          <color name="thumb_inner">
            <fill type="linear" rotation="90">
              <colors>
                <color rgb="0x535767" alpha="100" stop="0" />
              </colors>
            </fill>
          </color>
          <color name="thumb_bg">
            <fill type="linear" rotation="90">
              <colors>
                <color rgb="0x494E62" alpha="100" stop="0" />
              </colors>
            </fill>
          </color>
          <color name="slider_border">
            <fill type="linear" rotation="90">
              <colors>
                <color rgb="0x565C72" alpha="100" stop="0" />
              </colors>
            </fill>
          </color>
          <color name="slider_bg">
            <fill type="linear" rotation="90">
              <colors>
                <color rgb="0x4B5062" alpha="100" stop="0" />
              </colors>
            </fill>
          </color>
        </group_colors>
      </color_group>
    </colorscheme>
  </colorschemes>
  <string_tables>
    <string_table name="pxabnsnfns10110100101">
      <string id="three_image_progress_audio">progress</string>
      <string id="three_image_audio">audio</string>
      <string id="three_image_camera_down">camera moved down</string>
      <string id="three_image_camera_left">camera moved left</string>
      <string id="three_image_camera_right">camera moved right</string>
      <string id="three_image_camera_up">camera moved up</string>
      <string id="three_image_interaction_free">free exploration mode</string>
      <string id="three_image_interaction_guided">guided tour mode</string>
      <string id="three_image_hotspot">hotspot</string>
      <string id="three_image_instructions">Use the w, a, s, and d keys to move around the 360 degree image. Press the tab key to jump to interactive markers and hotspots.</string>
      <string id="three_image_interaction">360 degree image interaction</string>
      <string id="three_image_label">label</string>
      <string id="three_image_marker">marker</string>
      <string id="three_image_items">items</string>
      <string id="three_image_interaction_next">next</string>
      <string id="three_image_pause_audio">pause audio</string>
      <string id="three_image_pause_video">pause video</string>
      <string id="three_image_play_audio">play audio</string>
      <string id="three_image_play_video">play video</string>
      <string id="three_image_interaction_prev">previous</string>
      <string id="three_image_visited">visited</string>
      <string id="three_image_of">of</string>
      <string id="three_image_count_of_total">%count% of %total%</string>
      <string id="acc_three_image_step_count_of_total">step %count% of %total%</string>
      <string id="three_image_item">item</string>
      <string id="three_image_interaction_step">step</string>
      <string id="three_image_tooltip">tooltip</string>
      <string id="three_image_total_items">%total% items</string>
      <string id="three_image_total_item">%total% item</string>
      <string id="three_image_progress_video">progress</string>
      <string id="three_image_video">video</string>
      <string id="three_image_video_volume">video volume</string>
      <string id="acc_three_image_count_of_total_items_visited">%count% of %total% items visited</string>
      <string id="acc_three_image_count_of_total_item_visited">%count% of %total% item visited</string>
      <string id="three_image_count_of_total_visited">%count% of %total% visited</string>
      <string id="accessible_text">Accessible text</string>
      <string id="keyboardshortcuts_lower">Keyboard shortcuts</string>
      <string id="zoom_to_fit">Zoom to fit</string>
      <string id="acc_active">active</string>
      <string id="alt_key">Alt</string>
      <string id="check_include">Check to include</string>
      <string id="clear">Clear and return to Menu</string>
      <string id="close">Close</string>
      <string id="acc_closed_captions">Closed captions. Press the spacebar to toggle captions on and off.</string>
      <string id="closed_captions_tip">Toggle captions</string>
      <string id="continue">Continue</string>
      <string id="continueresponsive">Continue</string>
      <string id="ctrl_key">Ctrl</string>
      <string id="enable_keyboardshortcuts">Enable keyboard shortcuts</string>
      <string id="enter_key">Enter</string>
      <string id="exit">Exit</string>
      <string id="filter">Filter</string>
      <string id="finish">FINISH</string>
      <string id="acc_finish">finish</string>
      <string id="definition">Definition</string>
      <string id="acc_definition">definition</string>
      <string id="glossary">Glossary</string>
      <string id="terms">Terms</string>
      <string id="progress_hour">hour</string>
      <string id="progress_hours">hours</string>
      <string id="action">Action</string>
      <string id="keyboardshortcuts">Keyboard Shortcuts</string>
      <string id="shortcuthelp">List keyboard shortcuts</string>
      <string id="mute_shortcut">Mute / unmute</string>
      <string id="next_shortcut">Next slide</string>
      <string id="playpause_shortcut">Play / pause</string>
      <string id="previous_shortcut">Previous slide</string>
      <string id="replay_shortcut">Replay slide</string>
      <string id="shortcut">Shortcut</string>
      <string id="submit_shortcut">Submit slide</string>
      <string id="acctext_shortcut">Toggle accessible text</string>
      <string id="closedcaptions_shortcut">Toggle closed captions</string>
      <string id="togglezoom">Toggle zoom to fit</string>
      <string id="outline">Menu</string>
      <string id="disabled_orientation">Please rotate your device</string>
      <string id="progress_minute">minute</string>
      <string id="progress_minutes">minutes</string>
      <string id="mute_tip">Mute</string>
      <string id="next">NEXT</string>
      <string id="acc_next">next</string>
      <string id="next_slide_tip">Next slide</string>
      <string id="transcript_chk">Notes</string>
      <string id="transcript">Notes</string>
      <string id="bio">Bio</string>
      <string id="more_info">More info</string>
      <string id="closed_captions">Captions</string>
      <string id="acc_pause">pause</string>
      <string id="pause_tip">Pause</string>
      <string id="acc_play">play</string>
      <string id="play_tip">Play</string>
      <string id="send_an_email">Send an email</string>
      <string id="prev">PREV</string>
      <string id="acc_previous">previous</string>
      <string id="previous_slide_tip">Previous slide</string>
      <string id="question_list">Question List</string>
      <string id="replay_tip">Replay</string>
      <string id="acc_replay">replay</string>
      <string id="resources">Resources</string>
      <string id="acc_resources">resources</string>
      <string id="restart">Restart</string>
      <string id="resume">Resume</string>
      <string id="acc_locked">locked</string>
      <string id="acc_search_input">search</string>
      <string id="search_toggle">Search</string>
      <string id="sidebar_toggle">Sidebar Toggle</string>
      <string id="acc_slide_progress">slide progress</string>
      <string id="desktop_start">Start Course</string>
      <string id="mobile_start">Start Course</string>
      <string id="acc_visited">visited</string>
      <string id="search">Search...</string>
      <string id="search_in">Search in:</string>
      <string id="search_results">Search Results</string>
      <string id="progress_second">second</string>
      <string id="progress_seconds">seconds</string>
      <string id="settings_tip">Settings</string>
      <string id="shift_key">Shift</string>
      <string id="acc_skipnavigation">Skip Navigation. Hit enter to return to the slide.</string>
      <string id="slide_text_chk">Slide Text</string>
      <string id="spacebar_key">Space</string>
      <string id="submitall">SUBMIT ALL</string>
      <string id="acc_submitall">submit all</string>
      <string id="submit">SUBMIT</string>
      <string id="acc_submit">submit</string>
      <string id="submit_tip">Submit</string>
      <string id="unmute_tip">Unmute</string>
      <string id="acc_volume">volume</string>
    </string_table>
  </string_tables>
  <fonts>
    <font name="Open Sans">
      <files>
        <file bold="true" italic="false" />
        <file bold="false" italic="false" />
      </files>
    </font>
  </fonts>
  <sounds enabled="true" />
  <nav_data>
    <outline>
      <links>
        <slidelink slideid="_player.6WHe8PpoeYA" displaytext="BET Testing and Validation Using the Gel Clot Method" expand="true" type="slide">
          <links>
            <slidelink slideid="_player.6WHe8PpoeYA.6AhCuBddY26" displaytext="Welcome To The " expand="false" type="slide" />
            <slidelink slideid="_player.6WHe8PpoeYA.6CbwglbaQux" displaytext="First Things First" expand="false" type="slide" />
            <slidelink slideid="_player.6WHe8PpoeYA.611kn2LGTnL" displaytext="Steps To Become Certified" expand="false" type="slide" />
            <slidelink slideid="_player.6WHe8PpoeYA.6bT0BJSWkVf" displaytext="Introduction to our Industrial Experts" expand="false" type="slide" />
            <slidelink slideid="_player.6WHe8PpoeYA.6EOyXsTAKWH" displaytext="Course Objectives" expand="false" type="slide" />
            <slidelink slideid="_player.6WHe8PpoeYA.5o501qSM19r" displaytext="Infection by Microorganisms Case Report" expand="false" type="slide" />
            <slidelink slideid="_player.6WHe8PpoeYA.6bF453Og0mn" displaytext="Characteristics of endotoxins" expand="false" type="slide" />
            <slidelink slideid="_player.6WHe8PpoeYA.6G4dTN8i9S7" displaytext="The Rabbit Pyrogen Test (RPT) &amp;amp; BET" expand="false" type="slide" />
            <slidelink slideid="_player.6WHe8PpoeYA.5qDI8kH9Ugi" displaytext="What is Bacterial Endotoxin Test (BET)?" expand="false" type="slide" />
            <slidelink slideid="_player.6WHe8PpoeYA.6l2Bdtjt8I5" displaytext="Why BET is important ?" expand="false" type="slide" />
            <slidelink slideid="_player.6WHe8PpoeYA.5jznOXcGw0B" displaytext="Methods for BET" expand="false" type="slide" />
            <slidelink slideid="_player.6WHe8PpoeYA.6lcBR0AuPII" displaytext="Test Requirements for Gel-Clot Techniques" expand="false" type="slide" />
            <slidelink slideid="_player.6WHe8PpoeYA.5qZtc0BhaZc" displaytext="What is inside the testing kit?" expand="false" type="slide" />
            <slidelink slideid="_player.6WHe8PpoeYA.64srJzwagT1" displaytext="Reference Standard Endotoxin (RSE)" expand="false" type="slide" />
            <slidelink slideid="_player.6WHe8PpoeYA.5lB5eVmZrI4" displaytext="Photos of RSE (For reference purpose only)" expand="false" type="slide" />
            <slidelink slideid="_player.6WHe8PpoeYA.6Ed9seSNT2Q" displaytext="Why RSE is not used directly in BET….? " expand="false" type="slide" />
            <slidelink slideid="_player.6WHe8PpoeYA.5tyBrIznnn0" displaytext="Why RSE is not used directly in BET….?  (Continued….)" expand="false" type="slide" />
            <slidelink slideid="_player.6WHe8PpoeYA.5i2fW0grU3W" displaytext="Difference between RSE and CSE" expand="false" type="slide" />
            <slidelink slideid="_player.6WHe8PpoeYA.5hDgKfQf6l9" displaytext="Control Standard Endotoxin (CSE)" expand="false" type="slide" />
            <slidelink slideid="_player.6WHe8PpoeYA.6feTeS7lBOA" displaytext="Photo of CSE (For Reference Purpose only)" expand="false" type="slide" />
            <slidelink slideid="_player.6WHe8PpoeYA.626F4hedYnq" displaytext="CSE:RSE For Gel Clot" expand="false" type="slide" />
            <slidelink slideid="_player.6WHe8PpoeYA.5uNA5x3OAxF" displaytext="CSE:RSE For Gel Clot" expand="false" type="slide" />
            <slidelink slideid="_player.6WHe8PpoeYA.5YdL0bUpn53" displaytext="CSE &amp;amp; Lyset Compatibility" expand="false" type="slide" />
            <slidelink slideid="_player.6WHe8PpoeYA.6LiC4Hx7Bme" displaytext="Example of CSE Certificate of Analysis (COA)" expand="false" type="slide" />
            <slidelink slideid="_player.6WHe8PpoeYA.6Y4WLJzk1jk" displaytext="RSE : CSE for Gel Clot (Performed by Lysate Manufacturer)" expand="false" type="slide" />
            <slidelink slideid="_player.6WHe8PpoeYA.6MKMLA78uOr" displaytext="Example of RSE : CSE standardization &amp;amp; CSE Potency Calculation." expand="false" type="slide" />
            <slidelink slideid="_player.6WHe8PpoeYA.61tWfgcKfDA" displaytext="Calculation of CSE Potency" expand="false" type="slide" />
            <slidelink slideid="_player.6WHe8PpoeYA.6aA9lPKefXd" displaytext="RSE : CSE for Kinetic Test" expand="false" type="slide" />
            <slidelink slideid="_player.6WHe8PpoeYA.6WLdXh3XBez" displaytext="RSE : CSE for Liquid Preparations" expand="false" type="slide" />
            <slidelink slideid="_player.6WHe8PpoeYA.6GevCfW3F7e" displaytext="Reconstitution of Control Standard Endotoxin" expand="false" type="slide" />
            <slidelink slideid="_player.6WHe8PpoeYA.5mVAHnTBTve" displaytext="Steps for Reconstituting the CSE" expand="false" type="slide" />
            <slidelink slideid="_player.6WHe8PpoeYA.6SRJ6gi2SCj" displaytext="Limulus Polyphemus (Horseshoe crabs) " expand="false" type="slide" />
            <slidelink slideid="_player.6WHe8PpoeYA.63S9zWBAQgE" displaytext="Untitled Slide" expand="false" type="slide" />
            <slidelink slideid="_player.6WHe8PpoeYA.5zWmJoocH3t" displaytext="Limulus amebocyte lysate (Lysate / LAL)" expand="false" type="slide" />
            <slidelink slideid="_player.6WHe8PpoeYA.6fY6SEi5ZmC" displaytext="Why the lysate is not be vortex ?" expand="false" type="slide" />
            <slidelink slideid="_player.6WHe8PpoeYA.6PIGpvWC2AX" displaytext="Lambda (λ)" expand="false" type="slide" />
            <slidelink slideid="_player.6WHe8PpoeYA.6GrAEFJnu7J" displaytext="Steps for Reconstituting the Lysate" expand="false" type="slide" />
            <slidelink slideid="_player.6WHe8PpoeYA.6hZziCaSfu3" displaytext="Water for bacterial endotoxin test (LRW)" expand="false" type="slide" />
            <slidelink slideid="_player.6WHe8PpoeYA.6kEP12yelnD" displaytext="Dry Heating Block" expand="false" type="slide" />
            <slidelink slideid="_player.6WHe8PpoeYA.5n9Ot2UK2XZ" displaytext="Untitled Slide" expand="false" type="slide" />
            <slidelink slideid="_player.6WHe8PpoeYA.68K3fFVRBA3" displaytext="Vortex Mixer" expand="false" type="slide" />
            <slidelink slideid="_player.6WHe8PpoeYA.6W3oxO0hb0A" displaytext="Vortex Mixer" expand="false" type="slide" />
            <slidelink slideid="_player.6WHe8PpoeYA.6oHRD9LIeXd" displaytext="Stop Watch" expand="false" type="slide" />
            <slidelink slideid="_player.6WHe8PpoeYA.6SSJ2tRRbpv" displaytext="Depyrogenated Test Tubes" expand="false" type="slide" />
            <slidelink slideid="_player.6WHe8PpoeYA.5ZZ2ckxccF6" displaytext="Pipette and Tip Selection" expand="false" type="slide" />
            <slidelink slideid="_player.6WHe8PpoeYA.5gjwPvwdPti" displaytext="Pipette and Tip Selection" expand="false" type="slide" />
            <slidelink slideid="_player.6WHe8PpoeYA.6NRWa3v1JkJ" displaytext="Pipette and Tip Selection" expand="false" type="slide" />
            <slidelink slideid="_player.6WHe8PpoeYA.6hEyFmuWTCH" displaytext="Knowledge Check Point" expand="false" type="slide" />
            <slidelink slideid="_player.6WHe8PpoeYA.5XS1x1gMHre" displaytext="Characteristics of endotoxins are" expand="false" type="slide" />
            <slidelink slideid="_player.6WHe8PpoeYA.5VxtWGW0NpM" displaytext="Lambda refers to the sensitivity level of a Limulus Amebocyte Lysate (LAL) gel-clot reagent. It&amp;apos;s expressed in ………" expand="false" type="slide" />
            <slidelink slideid="_player.6WHe8PpoeYA.6UAr7xViI6U" displaytext="RSE is primary reference standard?" expand="false" type="slide" />
            <slidelink slideid="_player.6WHe8PpoeYA.5pXxqWHQlvR" displaytext="Lysate should be vortex for 5 minutes." expand="false" type="slide" />
            <slidelink slideid="_player.6WHe8PpoeYA.6oTJRUR6zUC" displaytext="Water for BET generally have ______ EU/ml" expand="false" type="slide" />
            <slidelink slideid="_player.6WHe8PpoeYA.6IcIext9RJC" displaytext="Set temperature of Heating Block is_____" expand="false" type="slide" />
            <slidelink slideid="_player.6WHe8PpoeYA.5jBq9cZS795" displaytext="Depyrogenation is done at _____" expand="false" type="slide" />
            <slidelink slideid="_player.6WHe8PpoeYA.5fXao3dCrpF" displaytext="Endotoxin Limit Calculation" expand="false" type="slide" />
            <slidelink slideid="_player.6WHe8PpoeYA.6i9Z6cxyD0a" displaytext="What is Endotoxin Limit?" expand="false" type="slide" />
            <slidelink slideid="_player.6WHe8PpoeYA.6fTyL7Yabt1" displaytext="Calculation of Endotoxin Limit for Drug and Biological Products" expand="false" type="slide" />
            <slidelink slideid="_player.6WHe8PpoeYA.6aeFDPNyYNp" displaytext="Calculation of Endotoxin Limit for Drug and Biological Products" expand="false" type="slide" />
            <slidelink slideid="_player.6WHe8PpoeYA.5VOlXnpDdwg" displaytext="Calculation of Endotoxin Limit for Drug and Biological Products" expand="false" type="slide" />
            <slidelink slideid="_player.6WHe8PpoeYA.6k8Oz4eb0k5" displaytext="Calculation of Endotoxin Limit for Drug and Biological Products" expand="false" type="slide" />
            <slidelink slideid="_player.6WHe8PpoeYA.6YM7r2Roojq" displaytext="Defined Values for K in Terms of Route of Administration" expand="false" type="slide" />
            <slidelink slideid="_player.6WHe8PpoeYA.61drpjTu2w6" displaytext="Defined Values for K in Terms of Route of Administration (continued)" expand="false" type="slide" />
            <slidelink slideid="_player.6WHe8PpoeYA.6N41G5NDwTB" displaytext="Important Particulars for Endotoxin calculation" expand="false" type="slide" />
            <slidelink slideid="_player.6WHe8PpoeYA.6LPrbDGJmRE" displaytext="Example of Endotoxin Limit calculation" expand="false" type="slide" />
            <slidelink slideid="_player.6WHe8PpoeYA.5WwEXQpmVnk" displaytext="Example-1 " expand="false" type="slide" />
            <slidelink slideid="_player.6WHe8PpoeYA.5g5A4OGuT6m" displaytext="Example-2 " expand="false" type="slide" />
            <slidelink slideid="_player.6WHe8PpoeYA.5ccaBUU8ddE" displaytext="Example-3" expand="false" type="slide" />
            <slidelink slideid="_player.6WHe8PpoeYA.6mXHu2Skuc9" displaytext="Example- 4 " expand="false" type="slide" />
            <slidelink slideid="_player.6WHe8PpoeYA.5Z6z1JMQAql" displaytext="Example-5 " expand="false" type="slide" />
            <slidelink slideid="_player.6WHe8PpoeYA.6WvdKM0Mb8b" displaytext="Summary of Results of All Examples" expand="false" type="slide" />
            <slidelink slideid="_player.6WHe8PpoeYA.6kfDQhIw5im" displaytext="Summary of Examples" expand="false" type="slide" />
            <slidelink slideid="_player.6WHe8PpoeYA.6NRH1op0Cel" displaytext="Concentration of Sample Solution" expand="false" type="slide" />
            <slidelink slideid="_player.6WHe8PpoeYA.6OpFRCM5Qtl" displaytext="Gel-Clot Technique" expand="false" type="slide" />
            <slidelink slideid="_player.6WHe8PpoeYA.68o37BZBQft" displaytext="The Endotoxins Reactive Cascade System In The Horseshoe Crab" expand="false" type="slide" />
            <slidelink slideid="_player.6WHe8PpoeYA.6aqc9P7qqrV" displaytext="The Endotoxins Reactive Cascade System In The Horseshoe Crab" expand="false" type="slide" />
            <slidelink slideid="_player.6WHe8PpoeYA.66XcKvYYj1E" displaytext="Confirmation of Labeled Lysate Sensitivity." expand="false" type="slide" />
            <slidelink slideid="_player.6WHe8PpoeYA.6MT1T9avItg" displaytext="When is the confirmation of lysate sensitivity to be carried out?" expand="false" type="slide" />
            <slidelink slideid="_player.6WHe8PpoeYA.6VtWSzGU54M" displaytext="When is the confirmation of lysate sensitivity to be carried out?" expand="false" type="slide" />
            <slidelink slideid="_player.6WHe8PpoeYA.5i4Acw46rc7" displaytext="Procedure For Lysate Sensitivity Testing" expand="false" type="slide" />
            <slidelink slideid="_player.6WHe8PpoeYA.65RD70xdZOa" displaytext="Procedure For Lysate Sensitivity Testing" expand="false" type="slide" />
            <slidelink slideid="_player.6WHe8PpoeYA.6ciizYSEunz" displaytext="Procedure For Lysate Sensitivity Testing" expand="false" type="slide" />
            <slidelink slideid="_player.6WHe8PpoeYA.6rnc2f25G1H" displaytext="Procedure For Lysate Sensitivity Testing" expand="false" type="slide" />
            <slidelink slideid="_player.6WHe8PpoeYA.6UXnvZ6upuB" displaytext="Procedure For Lysate Sensitivity Testing" expand="false" type="slide" />
            <slidelink slideid="_player.6WHe8PpoeYA.5eDmAxGgDNm" displaytext="Procedure For Lysate Sensitivity Testing" expand="false" type="slide" />
            <slidelink slideid="_player.6WHe8PpoeYA.5oCptHntJ0e" displaytext="Procedure For Lysate Sensitivity Testing" expand="false" type="slide" />
            <slidelink slideid="_player.6WHe8PpoeYA.6GoUDM9GUoi" displaytext="CSE Dilution summary" expand="false" type="slide" />
            <slidelink slideid="_player.6WHe8PpoeYA.6moUoJjXdqD" displaytext="Lysate Sensitivity Testing" expand="false" type="slide" />
            <slidelink slideid="_player.6WHe8PpoeYA.5ho92r92imr" displaytext="Lysate Sensitivity Testing" expand="false" type="slide" />
            <slidelink slideid="_player.6WHe8PpoeYA.6RF2sWgIDLg" displaytext="Incubation" expand="false" type="slide" />
            <slidelink slideid="_player.6WHe8PpoeYA.6o7MWPG8qXc" displaytext="Result Observation" expand="false" type="slide" />
            <slidelink slideid="_player.6WHe8PpoeYA.60Eyx0KUGIN" displaytext="Example of Sensitivity Testing Results " expand="false" type="slide" />
            <slidelink slideid="_player.6WHe8PpoeYA.65KFYVWXxo1" displaytext="Determination of the geometric mean endpoint" expand="false" type="slide" />
            <slidelink slideid="_player.6WHe8PpoeYA.6khK0QJtn0D" displaytext="Acceptance Criteria of Lysate Sensitivity Testing" expand="false" type="slide" />
            <slidelink slideid="_player.6WHe8PpoeYA.6KWG0fvwe6i" displaytext="Maximum Valid Dilution" expand="false" type="slide" />
            <slidelink slideid="_player.6WHe8PpoeYA.6EuCSkRcMvS" displaytext="Maximum Valid Dilution (MVD)" expand="false" type="slide" />
            <slidelink slideid="_player.6WHe8PpoeYA.6NusxBf9yB9" displaytext="Maximum Valid Dilution (MVD) - Points To Remember" expand="false" type="slide" />
            <slidelink slideid="_player.6WHe8PpoeYA.6moQnO54xS2" displaytext="Maximum Valid Dilution (MVD) - Points To Remember" expand="false" type="slide" />
            <slidelink slideid="_player.6WHe8PpoeYA.5gsyK1Fw9fK" displaytext="Maximum Valid Dilution (MVD) - Points To Remember" expand="false" type="slide" />
            <slidelink slideid="_player.6WHe8PpoeYA.60fNe7aCJWo" displaytext="Maximum Valid Dilution (MVD) - Points To Remember" expand="false" type="slide" />
            <slidelink slideid="_player.6WHe8PpoeYA.5j54qesaJlY" displaytext="Maximum Valid Dilution (MVD) - Points To Remember" expand="false" type="slide" />
            <slidelink slideid="_player.6WHe8PpoeYA.6kbLtU5TSQF" displaytext="Maximum Valid Dilution (MVD) - Points To Remember" expand="false" type="slide" />
            <slidelink slideid="_player.6WHe8PpoeYA.6EQLOvGZzFJ" displaytext="Example to understand the MVD" expand="false" type="slide" />
            <slidelink slideid="_player.6WHe8PpoeYA.676kDWojWFH" displaytext="Example to understand the MVD" expand="false" type="slide" />
            <slidelink slideid="_player.6WHe8PpoeYA.5dDq58xXHjU" displaytext="Example to understand the MVD" expand="false" type="slide" />
            <slidelink slideid="_player.6WHe8PpoeYA.6AeyxwCCV04" displaytext="Product Dilution " expand="false" type="slide" />
            <slidelink slideid="_player.6WHe8PpoeYA.6ZvXNsS3fqm" displaytext="Product Dilution " expand="false" type="slide" />
            <slidelink slideid="_player.6WHe8PpoeYA.6SkreUKmhNj" displaytext="Product Dilution " expand="false" type="slide" />
            <slidelink slideid="_player.6WHe8PpoeYA.5XsmqWubNlt" displaytext="Product Dilution Illustration- For Powder Form " expand="false" type="slide" />
            <slidelink slideid="_player.6WHe8PpoeYA.6kFxdFbVW3w" displaytext="Product Dilution, Step-2: Preparation of serial dilution        " expand="false" type="slide" />
            <slidelink slideid="_player.6WHe8PpoeYA.6boqgIiRb1y" displaytext="Method Suitability Testing" expand="false" type="slide" />
            <slidelink slideid="_player.6WHe8PpoeYA.5dzJFQsLkAU" displaytext="Method Suitability Testing" expand="false" type="slide" />
            <slidelink slideid="_player.6WHe8PpoeYA.6OimcEcSCfx" displaytext="Method Suitability Testing" expand="false" type="slide" />
            <slidelink slideid="_player.6WHe8PpoeYA.6OQivhBsvU0" displaytext="Method Suitability Testing" expand="false" type="slide" />
            <slidelink slideid="_player.6WHe8PpoeYA.6rT06aIX150" displaytext="Method Suitability Testing" expand="false" type="slide" />
            <slidelink slideid="_player.6WHe8PpoeYA.62GflA32TY0" displaytext="Method Suitability Testing" expand="false" type="slide" />
            <slidelink slideid="_player.6WHe8PpoeYA.60VAOadHOHF" displaytext="Method Suitability Testing" expand="false" type="slide" />
            <slidelink slideid="_player.6WHe8PpoeYA.6kCS9cafHnv" displaytext=" Overcoming Interferences in the Bacterial Endotoxins Test" expand="false" type="slide" />
            <slidelink slideid="_player.6WHe8PpoeYA.5sJU5Cyjlhg" displaytext="Method Suitability Testing (Continued…)" expand="false" type="slide" />
            <slidelink slideid="_player.6WHe8PpoeYA.5kM2ezvclty" displaytext="Qualifying Test Preparation Methods Other than Dilution" expand="false" type="slide" />
            <slidelink slideid="_player.6WHe8PpoeYA.5wqZODXfPnI" displaytext="Determination of non-interfering dilution (NID):" expand="false" type="slide" />
            <slidelink slideid="_player.6WHe8PpoeYA.5YxstYLGwuv" displaytext="Determination of non-interfering dilution (NID):" expand="false" type="slide" />
            <slidelink slideid="_player.6WHe8PpoeYA.6kuZBuIbDnw" displaytext="Determination of non-interfering dilution (NID)" expand="false" type="slide" />
            <slidelink slideid="_player.6WHe8PpoeYA.5uM9tYB2Xtn" displaytext="Determination of non-interfering dilution (NID)" expand="false" type="slide" />
            <slidelink slideid="_player.6WHe8PpoeYA.6SucDWUrVCm" displaytext="Determination of non-interfering dilution (NID)" expand="false" type="slide" />
            <slidelink slideid="_player.6WHe8PpoeYA.6Eo9ICUYCeN" displaytext="Determination of non-interfering dilution (NID)" expand="false" type="slide" />
            <slidelink slideid="_player.6WHe8PpoeYA.5uEk1ZTMWMH" displaytext="Determination of Non-Interfering Dilution (NID)" expand="false" type="slide" />
            <slidelink slideid="_player.6WHe8PpoeYA.6R5qNHhh2Kc" displaytext="Product Validation: Inhibition/Enhancement Test" expand="false" type="slide" />
            <slidelink slideid="_player.6WHe8PpoeYA.6nkhBHQwbsr" displaytext="Product Validation: Inhibition / Enhancement Test" expand="false" type="slide" />
            <slidelink slideid="_player.6WHe8PpoeYA.5kmMsS5rsrY" displaytext="Product Validation: Inhibition / Enhancement Test" expand="false" type="slide" />
            <slidelink slideid="_player.6WHe8PpoeYA.6LjY86DLsVF" displaytext="Product Validation: Inhibition / Enhancement Test" expand="false" type="slide" />
            <slidelink slideid="_player.6WHe8PpoeYA.689oljYGpgh" displaytext="Product Validation: Inhibition/Enhancement Test" expand="false" type="slide" />
            <slidelink slideid="_player.6WHe8PpoeYA.5imJo31JcSy" displaytext="Product Validation: Inhibition / Enhancement Test" expand="false" type="slide" />
            <slidelink slideid="_player.6WHe8PpoeYA.5ZFoUYwb86A" displaytext="Product Validation: Inhibition / Enhancement Test" expand="false" type="slide" />
            <slidelink slideid="_player.6WHe8PpoeYA.5XwuX8PrW9t" displaytext="BET Method Validation / Revalidation Criteria" expand="false" type="slide" />
            <slidelink slideid="_player.6WHe8PpoeYA.68RrO5n7uwA" displaytext="Routine Testing" expand="false" type="slide" />
            <slidelink slideid="_player.6WHe8PpoeYA.6jy2UsSAEiy" displaytext="Routine Testing" expand="false" type="slide" />
            <slidelink slideid="_player.6WHe8PpoeYA.5sGeGOLDlfe" displaytext="Routine Testing" expand="false" type="slide" />
            <slidelink slideid="_player.6WHe8PpoeYA.5qyhYZy4Ot6" displaytext="Routine Testing" expand="false" type="slide" />
            <slidelink slideid="_player.6WHe8PpoeYA.6qpf1zQoo4m" displaytext="Routine Testing" expand="false" type="slide" />
            <slidelink slideid="_player.6WHe8PpoeYA.6oSYvPPmfQ2" displaytext="Routine Testing" expand="false" type="slide" />
            <slidelink slideid="_player.6WHe8PpoeYA.5yAxZtcRVqi" displaytext="Sample Pooling " expand="false" type="slide" />
            <slidelink slideid="_player.6WHe8PpoeYA.5wcstDCt9ti" displaytext="Sample Pooling " expand="false" type="slide" />
            <slidelink slideid="_player.6WHe8PpoeYA.6KkSFLpJ2ua" displaytext="Sample Pooling " expand="false" type="slide" />
            <slidelink slideid="_player.6WHe8PpoeYA.5qS3N1c1yol" displaytext="Sample Pooling " expand="false" type="slide" />
            <slidelink slideid="_player.6WHe8PpoeYA.6INi2wiPp4z" displaytext="Example of Testing" expand="false" type="slide" />
            <slidelink slideid="_player.6WHe8PpoeYA.5w5XDZf75oy" displaytext="Example of Testing" expand="false" type="slide" />
            <slidelink slideid="_player.6WHe8PpoeYA.5gwPFc7kuGh" displaytext="Example of Testing" expand="false" type="slide" />
            <slidelink slideid="_player.6WHe8PpoeYA.6CbADJXydpK" displaytext="Example of Testing" expand="false" type="slide" />
            <slidelink slideid="_player.6WHe8PpoeYA.6WW8f5d1SS3" displaytext="USP Requirements For PC and PPC Testing" expand="false" type="slide" />
            <slidelink slideid="_player.6WHe8PpoeYA.5ijE0v2XMJs" displaytext="How to achieve 2λ for PPC as per USP &amp;lt;85&amp;gt;" expand="false" type="slide" />
            <slidelink slideid="_player.6WHe8PpoeYA.6rMy9D2rqAl" displaytext="Why 2λ in the PPC is vital as per regulatory guidelines?" expand="false" type="slide" />
            <slidelink slideid="_player.6WHe8PpoeYA.6gRuchBKThO" displaytext="Example of Testing" expand="false" type="slide" />
            <slidelink slideid="_player.6WHe8PpoeYA.68a6bI1nfsS" displaytext="Example of Testing" expand="false" type="slide" />
            <slidelink slideid="_player.6WHe8PpoeYA.5ZWACzoAcDK" displaytext="Calculation of Endotoxin Content" expand="false" type="slide" />
            <slidelink slideid="_player.6WHe8PpoeYA.6QYUDTAEXz9" displaytext="50:50 and hot spike method in BET testing" expand="false" type="slide" />
            <slidelink slideid="_player.6WHe8PpoeYA.64omgsSWXXg" displaytext="50:50 and hot spike method in BET testing" expand="false" type="slide" />
            <slidelink slideid="_player.6WHe8PpoeYA.5rZvR69mQjj" displaytext="50:50 and hot spike method in BET testing" expand="false" type="slide" />
            <slidelink slideid="_player.6WHe8PpoeYA.5eZLN1W2rt2" displaytext="Dilution scheme for 50:50 Method" expand="false" type="slide" />
            <slidelink slideid="_player.6WHe8PpoeYA.6bxw2dMvSe8" displaytext="Dilution scheme for Hot Spike Method" expand="false" type="slide" />
            <slidelink slideid="_player.6WHe8PpoeYA.6WihipKaRgi" displaytext="Units Used By Different Regulatory agencies And Pharmacopoeia" expand="false" type="slide" />
            <slidelink slideid="_player.6WHe8PpoeYA.6prXduEonLO" displaytext="Untitled Slide" expand="false" type="slide" />
          </links>
        </slidelink>
      </links>
    </outline>
  </nav_data>
  <resource_data description="&lt;p align='left'&gt;&lt;font face='Open Sans' style='font-size: 11px;' size='11' color='#FFFFFF'&gt;Here are some useful links and documents:&lt;/font&gt;&lt;/p&gt;">
    <resources>
      <resource url="story_content/external_files/COA of CSE.pdf" image="story_content/6P6h03zQzVZ.png" title="CSE sample COA" />
      <resource url="story_content/external_files/COA of Lysate.pdf" image="story_content/6qT0V7hHe7p.png" title="COA of Lysate" />
      <resource url="story_content/external_files/Heating Block.pdf" image="story_content/6N1dk8lcv9F.png" title="Heating Block" />
      <resource url="story_content/external_files/Vortex Mixer.pdf" image="story_content/5ehZQoJZ0ae.png" title="Vortex Mixer" />
    </resources>
  </resource_data>
  <transcript_data />
  <glossary_data />
</bwFrame>